{
	"success": true,
	"code": 0,
	"msg": "success",
	"data": {
		"big_recommend": {
			"name": "客官，今天想吃点什么？",
			"show_type": 1,
			"_id": "5d9542094ed5bd1c6b8c4e33",
			"is_more": true,
			"list": [{
				"id": "5ae2f8ad3f6f40e0a10044fd",
				"name": "板栗焖排骨",
				"image": "http:\/\/ddimg.ddxq.mobi\/fa373fd5e9f031524915369357.jpg?width=450&height=337",
				"width": "450",
				"height": "337",
				"food_desc": "板栗 、猪小排 、生抽 、老抽 、料酒 、香葱 、蒜头 、香醋 、红椒 、八角 、冰糖 ",
				"time_consuming": "20分钟",
				"author_name": "炸酱草儿",
				"author_id": "5bf51c14bf3f91c4279a7417",
				"is_shelf": 1,
				"is_vod": false,
				"author_avatar": "https:\/\/img.ddimg.mobi\/recipe\/3f6e62a7e8f7e1542790156420.jpg",
				"is_system_recommend": 1
			}, {
				"id": "5b2378bc3f6f40a073004393",
				"name": "麻辣香锅",
				"image": "http:\/\/ddimg.ddxq.mobi\/c2da79e43c2431529637089037.jpg?width=660&height=495",
				"width": "660",
				"height": "495",
				"food_desc": "基围虾 、鸡中翅 、火腿肠 、莴笋片 、芹菜 、洋葱片 、莲藕 、五香干 、荷兰豆 、大葱 、生姜 、蒜头 、干辣椒 、花椒粒 、麻辣火锅底料 、生抽 、白砂糖 、老抽 、陈醋 、芝麻油 ",
				"time_consuming": "",
				"author_name": "圆猪猪",
				"author_id": "5b20d866c5702e2d0c8bc339",
				"is_shelf": 1,
				"is_vod": false,
				"author_avatar": "https:\/\/img.ddimg.mobi\/recipe\/5c9f6fcd799ed1528879181375.jpg",
				"is_system_recommend": 1
			}, {
				"id": "5b2378a33f6f40a073004266",
				"name": "鲜上鲜",
				"image": "http:\/\/img.ddimg.mobi\/recipe\/e135181ab52211545355761864.jpg?width=620&height=465",
				"width": "620",
				"height": "465",
				"food_desc": "蘑菇 、虾仁 、淀粉 、料酒 、生姜 、蚝油 、鲍汁 ",
				"time_consuming": "15分钟",
				"author_name": "搬砖头的女子",
				"author_id": "5b20cac5846c2e993b8c3049",
				"is_shelf": 1,
				"is_vod": false,
				"author_avatar": "https:\/\/img.ddimg.mobi\/recipe\/4596bbd8f67471528875489972.jpg",
				"is_system_recommend": 1
			}, {
				"id": "5b31fc5b01a6eaf7328b469c",
				"name": "家常清蒸桂鱼",
				"image": "http:\/\/ddimg.ddxq.mobi\/c85dc96bc23511530524829170.jpg?width=1062&height=797",
				"width": "1062",
				"height": "797",
				"food_desc": "桂鱼 、干辣椒 、生姜 、香葱 、料酒 、蒸鱼豉油 ",
				"time_consuming": "",
				"author_name": "玉池桃红",
				"author_id": "5b20c597846c2e993b8c0933",
				"is_shelf": 1,
				"is_vod": false,
				"author_avatar": "https:\/\/img.ddimg.mobi\/recipe\/4b6c4ff3761bf1528874302007.jpg",
				"is_system_recommend": 1
			}, {
				"id": "5bbf2336d033a1af678b4bd6",
				"name": "薯片大虾沙拉",
				"image": "http:\/\/ddimg.ddxq.mobi\/e577ffd0a3721844cb4bb8702e07567e.jpg?width=660&height=441",
				"width": "660",
				"height": "441",
				"food_desc": "黄瓜 、薯片 、芒果 、基围虾 、青芥辣 、酸奶 ",
				"time_consuming": "",
				"author_name": "肖先生的餐桌",
				"author_id": "5bbf2268dc92d0256793034b",
				"is_shelf": 1,
				"is_vod": true,
				"author_avatar": "https:\/\/img.ddimg.mobi\/recipe\/0e433b02e6dcb1539252833208.jpg",
				"is_system_recommend": 1
			}, {
				"id": "5c3eaf15d033a1033d8b48d9",
				"name": "木耳山药炒肉片",
				"image": "http:\/\/img.ddimg.mobi\/recipe\/e755d90801f971547622597658.jpg?width=328&height=440",
				"width": "328",
				"height": "440",
				"food_desc": "黑木耳 、猪肉片 、山药 、胡萝卜 、青椒 、蒜头 、鲜酱油 、料酒 、淀粉 ",
				"time_consuming": "15分钟",
				"author_name": "菊娜JUJU",
				"author_id": "5c18a97201b311d369aad955",
				"is_shelf": 1,
				"is_vod": false,
				"author_avatar": "http:\/\/img.ddimg.mobi\/recipe\/029838c089c61545120045386.jpg",
				"is_system_recommend": 1
			}, {
				"id": "5b2378993f6f40a0730041d9",
				"name": "清蒸罗非鱼",
				"image": "http:\/\/ddimg.ddxq.mobi\/29def0f26dfb81529904947000.jpg?width=595&height=446",
				"width": "595",
				"height": "446",
				"food_desc": "罗非鱼 、料酒 、蒸鱼豉油 、香葱 、生姜 ",
				"time_consuming": "",
				"author_name": "玉池桃红",
				"author_id": "5b20c597846c2e993b8c0933",
				"is_shelf": 1,
				"is_vod": false,
				"author_avatar": "https:\/\/img.ddimg.mobi\/recipe\/4b6c4ff3761bf1528874302007.jpg",
				"is_system_recommend": 1
			}, {
				"id": "5d5bb9554fb7973c528bdc5a",
				"name": "百合鸡头米糖水",
				"image": "http:\/\/img.ddimg.mobi\/recipe\/2cbd582ac08381566350343582.jpg?width=1000&height=1000",
				"width": "1000",
				"height": "1000",
				"food_desc": "芡实 、鲜百合 、冰糖 、桂花 ",
				"time_consuming": "",
				"author_name": "叮咚买菜",
				"author_id": "5c88bf5901b311f845c0edc2",
				"is_shelf": 1,
				"is_vod": false,
				"author_avatar": "http:\/\/img.ddimg.mobi\/recipe\/90c6caa84d9251561628540222.png",
				"is_system_recommend": 1
			}, {
				"id": "5b9f42e0c0a1ea2d1d8b4bdf",
				"name": "糖水鸡头米",
				"image": "http:\/\/img.ddimg.mobi\/recipe\/43de907473aab1544611595253.jpg?width=600&height=397",
				"width": "600",
				"height": "397",
				"food_desc": "芡实 、冰糖 ",
				"time_consuming": "",
				"author_name": "苏三菲菲",
				"author_id": "5b9f42797dcc10464e8cc523",
				"is_shelf": 1,
				"is_vod": false,
				"author_avatar": "https:\/\/img.ddimg.mobi\/recipe\/c048f95d66f091537163732438.jpg",
				"is_system_recommend": 1
			}, {
				"id": "5d01c9ce25e1f77e7e8b4573",
				"name": "滋补老鸭汤",
				"image": "http:\/\/img.ddimg.mobi\/bcd2751a6e832a7993e0d7f5042f58cf.jpg?width=1920&height=1080",
				"width": "1920",
				"height": "1080",
				"food_desc": "鸭子 、冬瓜 、枸杞 、生姜 、料酒 ",
				"time_consuming": "",
				"author_name": "我想为你下厨房",
				"author_id": "5cfe2e884fb7971a248bbbb6",
				"is_shelf": 1,
				"is_vod": true,
				"author_avatar": "https:\/\/img.ddimg.mobi\/recipe\/47b54877912b1560161910710.jpg",
				"is_system_recommend": 1
			}]
		}
	},
	"server_time": 1570115255
}