{
	"success": true,
	"code": 0,
	"msg": "success",
	"data": {
		"big_recommend": {
			"name": "客官，今天想吃点什么？",
			"show_type": 1,
			"_id": "5d9542094ed5bd1c6b8c4e33",
			"is_more": true,
			"list": [{
				"id": "5b2378a63f6f40a07300428f",
				"name": "宫保鸡丁|极品下饭菜",
				"image": "http:\/\/img.ddimg.mobi\/recipe\/0e0aa33791a41548753327259.jpg?width=660&height=371",
				"width": "660",
				"height": "371",
				"food_desc": "鸡胸肉 、花生 、生姜 、干辣椒 、香葱 、蒜头 、花椒粒 、鸡精 、胡椒粉 、淀粉 、香醋 、白砂糖 、浓汤宝 、料酒 、生抽 ",
				"time_consuming": "",
				"author_name": "Cicileo",
				"author_id": "5b20c929846c2eba2b8c286a",
				"is_shelf": 1,
				"is_vod": false,
				"author_avatar": "https:\/\/img.ddimg.mobi\/recipe\/d5e22474f34a81528875176160.jpg",
				"is_system_recommend": 1
			}, {
				"id": "5b601e9bc5702e601a8c7d11",
				"name": "《中餐厅》宫保鸡丁",
				"image": "http:\/\/ddimg.ddxq.mobi\/f88a6b88c340a1533025898559.png?width=605&height=340",
				"width": "605",
				"height": "340",
				"food_desc": "鸡胸肉 、彩椒 、郫县豆瓣酱 、花生 、葱姜蒜 、淀粉 、白砂糖 、生抽 、米醋 ",
				"time_consuming": "",
				"author_name": "",
				"author_id": "",
				"is_shelf": 1,
				"is_vod": false,
				"author_avatar": "",
				"is_system_recommend": 1
			}, {
				"id": "5ae2f8c63f6f40e0a100459c",
				"name": "芦笋炒蘑菇",
				"image": "http:\/\/ddimg.ddxq.mobi\/21579b7f766c91525666331434.jpg?width=799&height=599",
				"width": "799",
				"height": "599",
				"food_desc": "芦笋 、口蘑 、蒜头 、黑胡椒 ",
				"time_consuming": "10分钟",
				"author_name": "坦克运转手",
				"author_id": "5c9c3b66471bc22a258e07a9",
				"is_shelf": 1,
				"is_vod": false,
				"author_avatar": "http:\/\/img.ddimg.mobi\/recipe\/4050843c2cfea1553742628337.jpg",
				"is_system_recommend": 1
			}, {
				"id": "5b2378c23f6f40a0730043d8",
				"name": "红烧猪排骨|妈妈的拿手菜",
				"image": "http:\/\/ddimg.ddxq.mobi\/2279a6a871e981529634116309.jpg?width=450&height=337",
				"width": "450",
				"height": "337",
				"food_desc": "猪排骨 、冰糖 、香葱 、生姜 、桂皮 、八角 、生抽 、黄酒 ",
				"time_consuming": "",
				"author_name": "圆猪猪",
				"author_id": "5b20d866c5702e2d0c8bc339",
				"is_shelf": 1,
				"is_vod": false,
				"author_avatar": "https:\/\/img.ddimg.mobi\/recipe\/5c9f6fcd799ed1528879181375.jpg",
				"is_system_recommend": 1
			}, {
				"id": "5b6805b1c0a1ea713a8b4b8d",
				"name": "蒜蓉豉油金针菇",
				"image": "http:\/\/ddimg.ddxq.mobi\/b69b0625c9e58bc0545be0bf3d7312f2.jpg?width=660&height=880",
				"width": "660",
				"height": "880",
				"food_desc": "金针菇 、蒜头 、小米椒 、香葱 、蒸鱼豉油 、芝麻油 、白砂糖 ",
				"time_consuming": "15分钟",
				"author_name": "堂妈小厨",
				"author_id": "5b582578c5702e59028bb648",
				"is_shelf": 1,
				"is_vod": false,
				"author_avatar": "https:\/\/img.ddimg.mobi\/recipe\/72f31dcefb3361533292137669.jpg",
				"is_system_recommend": 1
			}, {
				"id": "5b642fbbc0a1ea713a8b4940",
				"name": "辣椒炒肉丝",
				"image": "http:\/\/ddimg.ddxq.mobi\/44c657f162365f35c27f0d85edb46f7c.jpg?width=660&height=495",
				"width": "660",
				"height": "495",
				"food_desc": "线椒 、猪里脊 、甜面酱 、白砂糖 、生抽 、淀粉 、香葱 ",
				"time_consuming": "15分钟",
				"author_name": "堂妈小厨",
				"author_id": "5b582578c5702e59028bb648",
				"is_shelf": 1,
				"is_vod": false,
				"author_avatar": "https:\/\/img.ddimg.mobi\/recipe\/72f31dcefb3361533292137669.jpg",
				"is_system_recommend": 1
			}, {
				"id": "5b6a9704c0a1ea713a8b5b70",
				"name": "小馄饨的包法",
				"image": "http:\/\/ddimg.ddxq.mobi\/3c59cec1616738eef1f22670510f6879.jpg?width=660&height=880",
				"width": "660",
				"height": "880",
				"food_desc": "馄饨皮 ",
				"time_consuming": "20分钟",
				"author_name": "堂妈小厨",
				"author_id": "5b582578c5702e59028bb648",
				"is_shelf": 1,
				"is_vod": false,
				"author_avatar": "https:\/\/img.ddimg.mobi\/recipe\/72f31dcefb3361533292137669.jpg",
				"is_system_recommend": 1
			}, {
				"id": "5b2378be3f6f40a0730043bb",
				"name": "清蒸鲈鱼：如何蒸出酒店水平的鱼",
				"image": "http:\/\/ddimg.ddxq.mobi\/31a03db5c87021529891099150.jpg?width=660&height=495",
				"width": "660",
				"height": "495",
				"food_desc": "鲈鱼 、生姜 、香葱 、生抽 、白砂糖 、鸡精 、白胡椒 ",
				"time_consuming": "",
				"author_name": "圆猪猪",
				"author_id": "5b20d866c5702e2d0c8bc339",
				"is_shelf": 1,
				"is_vod": false,
				"author_avatar": "https:\/\/img.ddimg.mobi\/recipe\/5c9f6fcd799ed1528879181375.jpg",
				"is_system_recommend": 1
			}, {
				"id": "5c26da9d716de152768b4b24",
				"name": "韩式石锅拌饭",
				"image": "http:\/\/img.ddimg.mobi\/2b01f8cc5b86ea63e08fc8d514a420e9.jpg?width=7952&height=5304",
				"width": "7952",
				"height": "5304",
				"food_desc": "肥牛 、西葫芦 、菠菜 、香菇 、黄豆芽 、鸡蛋 、泡菜 、樱桃萝卜 、大米 、韩国辣酱 、香葱 、白芝麻 ",
				"time_consuming": "",
				"author_name": "肖先生的餐桌",
				"author_id": "5bbf2268dc92d0256793034b",
				"is_shelf": 1,
				"is_vod": true,
				"author_avatar": "https:\/\/img.ddimg.mobi\/recipe\/0e433b02e6dcb1539252833208.jpg",
				"is_system_recommend": 1
			}, {
				"id": "5b642faec0a1ea713a8b4914",
				"name": "红烧大虾",
				"image": "http:\/\/ddimg.ddxq.mobi\/d23a25cfad9819a2541162a947f1a35b.jpg?width=660&height=495",
				"width": "660",
				"height": "495",
				"food_desc": "基围虾 、生姜 、香葱 、生抽 、老抽 、白砂糖 、料酒 ",
				"time_consuming": "20分钟",
				"author_name": "堂妈小厨",
				"author_id": "5b582578c5702e59028bb648",
				"is_shelf": 1,
				"is_vod": false,
				"author_avatar": "https:\/\/img.ddimg.mobi\/recipe\/72f31dcefb3361533292137669.jpg",
				"is_system_recommend": 1
			}]
		}
	},
	"server_time": 1570115460
}