{
	"success": true,
	"code": 0,
	"msg": "success",
	"data": {
		"big_recommend": {
			"name": "客官，今天想吃点什么？",
			"show_type": 1,
			"_id": "5d9542094ed5bd1c6b8c4e33",
			"is_more": true,
			"list": [{
				"id": "5c416ad8d033a1033d8b4dca",
				"name": "肠仔炒豆角",
				"image": "http:\/\/img.ddimg.mobi\/recipe\/433d16fe4f60c1548073975199.jpg?width=600&height=450",
				"width": "600",
				"height": "450",
				"food_desc": "火腿肠 、豇豆 、蒜头 ",
				"time_consuming": "10分钟",
				"author_name": "菊娜JUJU",
				"author_id": "5c18a97201b311d369aad955",
				"is_shelf": 1,
				"is_vod": false,
				"author_avatar": "http:\/\/img.ddimg.mobi\/recipe\/029838c089c61545120045386.jpg",
				"is_system_recommend": 1
			}, {
				"id": "5c932682716de1a45c8b4afb",
				"name": "爆炒鸡心|meggy跳舞的苹果 ",
				"image": "http:\/\/img.ddimg.mobi\/recipe\/aad3018d369191553222251415.jpg?width=1200&height=800",
				"width": "1200",
				"height": "800",
				"food_desc": "鸡心 、青蒜 、红辣椒 、鲜酱油 、生抽 、料酒 ",
				"time_consuming": "15分钟",
				"author_name": "meggy跳舞的苹果",
				"author_id": "5c8608ec7dcc10ff36bbe658",
				"is_shelf": 1,
				"is_vod": false,
				"author_avatar": "http:\/\/img.ddimg.mobi\/recipe\/e7b6dc20acf361552287976801.jpg",
				"is_system_recommend": 1
			}, {
				"id": "5bd02589716de113468b45eb",
				"name": "在家轻松做美味鱼香肉丝",
				"image": "http:\/\/ddimg.ddxq.mobi\/4b04f9cc4be5412ae1027c1e697fca19.jpg?width=1035&height=690",
				"width": "1035",
				"height": "690",
				"food_desc": "竹笋 、胡萝卜 、猪里脊 、黑木耳 、大葱 、剁椒 、蚝油 、薄皮青椒 ",
				"time_consuming": "10分钟",
				"author_name": "黄豆豆的一家",
				"author_id": "5bc5b9fcdc92d01b17961b87",
				"is_shelf": 1,
				"is_vod": false,
				"author_avatar": "https:\/\/img.ddimg.mobi\/recipe\/6278e37a019271539684828956.jpg",
				"is_system_recommend": 1
			}, {
				"id": "5d4a965226c3d174758b45b7",
				"name": "萝卜炖牛腩|我想为你下厨房",
				"image": "http:\/\/img.ddimg.mobi\/639dce81ff91012e5790ff278585e52b.jpg?width=1080&height=608",
				"width": "1080",
				"height": "608",
				"food_desc": "牛腩 、生姜 、白萝卜 、花椒粒 ",
				"time_consuming": "",
				"author_name": "我想为你下厨房",
				"author_id": "5cfe2e884fb7971a248bbbb6",
				"is_shelf": 1,
				"is_vod": false,
				"author_avatar": "https:\/\/img.ddimg.mobi\/recipe\/47b54877912b1560161910710.jpg",
				"is_system_recommend": 1
			}, {
				"id": "5c7600fdd033a1aa258b50aa",
				"name": "清蒸大闸蟹|Sunrise",
				"image": "http:\/\/img.ddimg.mobi\/recipe\/91e8ffeee365c1551248894337.jpg?width=1242&height=929",
				"width": "1242",
				"height": "929",
				"food_desc": "大闸蟹 、生姜 、白砂糖 、大葱 、啤酒 、香醋 ",
				"time_consuming": "30分钟",
				"author_name": "Sunrise",
				"author_id": "5b0e1d07c3c44289388cf20c",
				"is_shelf": 1,
				"is_vod": false,
				"author_avatar": "https:\/\/img.ddimg.mobi\/recipe\/db50a7877d0b31527651588325.jpg",
				"is_system_recommend": 1
			}, {
				"id": "5d773fe026c3d12e368b4a18",
				"name": "原味鸡翅",
				"image": "https:\/\/img.ddimg.mobi\/recipe\/699e5a6661f9a1568169111492.jpg?width=1000&height=663",
				"width": "1000",
				"height": "663",
				"food_desc": "鸡中翅 ",
				"time_consuming": "10分钟",
				"author_name": "小美的美食",
				"author_id": "5d50e1c74fb79759158da46a",
				"is_shelf": 1,
				"is_vod": false,
				"author_avatar": "http:\/\/img.ddimg.mobi\/recipe\/bedce03fb7e11565581743424.jpg",
				"is_system_recommend": 1
			}, {
				"id": "5c9326a3716de1a45c8b4b15",
				"name": "响油酸辣藕片",
				"image": "http:\/\/img.ddimg.mobi\/recipe\/74d30559fafb21553221551493.jpg?width=1200&height=800",
				"width": "1200",
				"height": "800",
				"food_desc": "莲藕 、红辣椒 、香葱 、蒜头 、香醋 、生抽 ",
				"time_consuming": "15分钟",
				"author_name": "meggy跳舞的苹果",
				"author_id": "5c8608ec7dcc10ff36bbe658",
				"is_shelf": 1,
				"is_vod": false,
				"author_avatar": "http:\/\/img.ddimg.mobi\/recipe\/e7b6dc20acf361552287976801.jpg",
				"is_system_recommend": 1
			}, {
				"id": "5c399a03716de1dd338b45f9",
				"name": "金玉满堂",
				"image": "http:\/\/ddimg.ddxq.mobi\/a522e0fa22f563762ac7c27442e7272e.jpg?width=660&height=441",
				"width": "660",
				"height": "441",
				"food_desc": "青豆 、甜玉米 、火腿肠 、蒜头 、蚝油 、料酒 ",
				"time_consuming": "",
				"author_name": "我脑公全世界最帅",
				"author_id": "5b87a0d5dc92d0ac458b8af9",
				"is_shelf": 1,
				"is_vod": false,
				"author_avatar": "https:\/\/img.ddimg.mobi\/recipe\/bdcc909a348a11535615051631.jpg",
				"is_system_recommend": 1
			}, {
				"id": "5b2378993f6f40a0730041dc",
				"name": "板栗烧鸡翅",
				"image": "http:\/\/ddimg.ddxq.mobi\/41316263e27861529904914099.jpg?width=532&height=399",
				"width": "532",
				"height": "399",
				"food_desc": "鸡中翅 、板栗 、葱姜蒜 、生抽 、老抽 、料酒 、冰糖 、八角 、花椒粒 ",
				"time_consuming": "",
				"author_name": "玉池桃红",
				"author_id": "5b20c597846c2e993b8c0933",
				"is_shelf": 1,
				"is_vod": false,
				"author_avatar": "https:\/\/img.ddimg.mobi\/recipe\/4b6c4ff3761bf1528874302007.jpg",
				"is_system_recommend": 1
			}, {
				"id": "5b582dfb01a6eabb7a8b49c1",
				"name": "山药炖鸡汤",
				"image": "http:\/\/ddimg.ddxq.mobi\/548af4c9aa1fc0435ca31fe27844d81a.jpg?width=426&height=640",
				"width": "426",
				"height": "640",
				"food_desc": "整鸡 、山药 、枸杞 、香葱 、生姜 ",
				"time_consuming": "15分钟",
				"author_name": "月亮晶晶",
				"author_id": "5b582570c5702e2e018bbf46",
				"is_shelf": 1,
				"is_vod": false,
				"author_avatar": "https:\/\/img.ddimg.mobi\/recipe\/4e33e00b3ed6e1532503295917.jpg",
				"is_system_recommend": 1
			}]
		}
	},
	"server_time": 1570115560
}