{
	"success": true,
	"code": 0,
	"msg": "success",
	"data": {
		"big_recommend": {
			"name": "客官，今天想吃点什么？",
			"show_type": 1,
			"_id": "5d9542094ed5bd1c6b8c4e33",
			"is_more": true,
			"list": [{
				"id": "5ae2f8e93f6f40e0a1004679",
				"name": "抖音柠檬凤爪",
				"image": "http:\/\/ddimg.ddxq.mobi\/34418998ad33c1525254218627.gif?width=550&height=350",
				"width": "550",
				"height": "350",
				"food_desc": "鸡爪 、生姜 、小米椒 、香醋 、料酒 、黄柠檬 、蒜头 、香菜 、白砂糖 ",
				"time_consuming": "",
				"author_name": "",
				"author_id": "",
				"is_shelf": 1,
				"is_vod": false,
				"author_avatar": "",
				"is_system_recommend": 1
			}, {
				"id": "5ca1c620716de1a45c8b62af",
				"name": "冬瓜肉丸汤",
				"image": "http:\/\/img.ddimg.mobi\/recipe\/2d7f955b61f4c1554170322215.jpg?width=1024&height=683",
				"width": "1024",
				"height": "683",
				"food_desc": "猪肉糜 、冬瓜 、蚝油 、生抽 、淀粉 、黑胡椒 、香葱 ",
				"time_consuming": "30分钟",
				"author_name": "meggy跳舞的苹果",
				"author_id": "5c8608ec7dcc10ff36bbe658",
				"is_shelf": 1,
				"is_vod": false,
				"author_avatar": "http:\/\/img.ddimg.mobi\/recipe\/e7b6dc20acf361552287976801.jpg",
				"is_system_recommend": 1
			}, {
				"id": "5c21fab9716de152768b4aa2",
				"name": "爆浆芝士炸鸡排",
				"image": "http:\/\/img.ddimg.mobi\/f5b5e078a32adb40d742b701eb1386f5.jpg?width=7952&height=5304",
				"width": "7952",
				"height": "5304",
				"food_desc": "鸡胸肉 、芝士 、黄柠檬 、蒜头 、淀粉 、鸡蛋 、香芹 ",
				"time_consuming": "",
				"author_name": "肖先生的餐桌",
				"author_id": "5bbf2268dc92d0256793034b",
				"is_shelf": 1,
				"is_vod": true,
				"author_avatar": "https:\/\/img.ddimg.mobi\/recipe\/0e433b02e6dcb1539252833208.jpg",
				"is_system_recommend": 1
			}, {
				"id": "5b31fc5b01a6eaf7328b45e8",
				"name": "清炒胡萝卜杏鲍菇",
				"image": "http:\/\/ddimg.ddxq.mobi\/63ec263f62b2f1530529893460.jpg?width=500&height=375",
				"width": "500",
				"height": "375",
				"food_desc": "杏鲍菇 、胡萝卜 、青椒 、生姜 、香葱 、生抽 ",
				"time_consuming": "5分钟",
				"author_name": "玉池桃红",
				"author_id": "5b20c597846c2e993b8c0933",
				"is_shelf": 1,
				"is_vod": false,
				"author_avatar": "https:\/\/img.ddimg.mobi\/recipe\/4b6c4ff3761bf1528874302007.jpg",
				"is_system_recommend": 1
			}, {
				"id": "5b2378a33f6f40a073004271",
				"name": "黑椒牛肉炒薯仔",
				"image": "http:\/\/ddimg.ddxq.mobi\/cf28817d27481529896500337.jpg?width=660&height=495",
				"width": "660",
				"height": "495",
				"food_desc": "牛肉 、土豆 、沙茶酱 、黑胡椒 ",
				"time_consuming": "20分钟",
				"author_name": "搬砖头的女子",
				"author_id": "5b20cac5846c2e993b8c3049",
				"is_shelf": 1,
				"is_vod": false,
				"author_avatar": "https:\/\/img.ddimg.mobi\/recipe\/4596bbd8f67471528875489972.jpg",
				"is_system_recommend": 1
			}, {
				"id": "5c3d482ad033a1582f8b4748",
				"name": "清蒸姜葱虾",
				"image": "http:\/\/img.ddimg.mobi\/recipe\/623d9567812c1547812140012.jpg?width=662&height=440",
				"width": "662",
				"height": "440",
				"food_desc": "大虾 、生姜 、香葱 、黄酒 ",
				"time_consuming": "20分钟",
				"author_name": "菊娜JUJU",
				"author_id": "5c18a97201b311d369aad955",
				"is_shelf": 1,
				"is_vod": false,
				"author_avatar": "http:\/\/img.ddimg.mobi\/recipe\/029838c089c61545120045386.jpg",
				"is_system_recommend": 1
			}, {
				"id": "5d15b77c4ed5bda54d8c6ecb",
				"name": "冬瓜蛤蜊汤",
				"image": "http:\/\/img.ddimg.mobi\/recipe\/c3442f36ebf4e1561704290099.JPG?width=1920&height=1280",
				"width": "1920",
				"height": "1280",
				"food_desc": "花蛤 、冬瓜 、枸杞 、香葱 ",
				"time_consuming": "",
				"author_name": "为爱下厨房的爷爷",
				"author_id": "5d1592244df3e3a5198c0e57",
				"is_shelf": 1,
				"is_vod": false,
				"author_avatar": "http:\/\/img.ddimg.mobi\/recipe\/ae1c4c864f2fb1561694648605.jpg",
				"is_system_recommend": 1
			}, {
				"id": "5cf647fe26c3d110288b4b6f",
				"name": "辣子鸡|糖小饼Halloween",
				"image": "https:\/\/img.ddimg.mobi\/recipe\/dcd2c0e7473d81559788818733.jpg?width=340&height=510",
				"width": "340",
				"height": "510",
				"food_desc": "鸡中翅 、花椒粒 、干辣椒 、香葱 、生姜 、蒜头 、白芝麻 、料酒 、白砂糖 、鲜酱油 、胡椒粉 ",
				"time_consuming": "15分钟",
				"author_name": "糖小饼Halloween",
				"author_id": "5c6b73773b5990b93c8e1bfd",
				"is_shelf": 1,
				"is_vod": false,
				"author_avatar": "http:\/\/img.ddimg.mobi\/recipe\/771c53da8ace71550545437546.jpg",
				"is_system_recommend": 1
			}, {
				"id": "5b6a976dc0a1ea713a8b5ca7",
				"name": "黑鱼豆腐汤|堂妈小厨",
				"image": "http:\/\/ddimg.ddxq.mobi\/ea4516d8899d13fd80cd428dbc9404f0.jpg?width=660&height=662",
				"width": "660",
				"height": "662",
				"food_desc": "黑鱼 、嫩豆腐 、生姜 、香葱 ",
				"time_consuming": "15分钟",
				"author_name": "堂妈小厨",
				"author_id": "5b582578c5702e59028bb648",
				"is_shelf": 1,
				"is_vod": false,
				"author_avatar": "https:\/\/img.ddimg.mobi\/recipe\/72f31dcefb3361533292137669.jpg",
				"is_system_recommend": 1
			}, {
				"id": "5b31fc5b01a6eaf7328b46db",
				"name": "芹菜炒虾仁",
				"image": "http:\/\/ddimg.ddxq.mobi\/5d2a153b1a9389d3275cda1ced005bd1.jpg?width=562&height=750",
				"width": "562",
				"height": "750",
				"food_desc": "虾仁 、芹菜 、胡萝卜 、香葱 、生姜 、料酒 、鸡精 ",
				"time_consuming": "",
				"author_name": "玉池桃红",
				"author_id": "5b20c597846c2e993b8c0933",
				"is_shelf": 1,
				"is_vod": false,
				"author_avatar": "https:\/\/img.ddimg.mobi\/recipe\/4b6c4ff3761bf1528874302007.jpg",
				"is_system_recommend": 1
			}]
		}
	},
	"server_time": 1570115602
}