{
	"success": true,
	"code": 0,
	"msg": "success",
	"data": {
		"big_recommend": {
			"name": "客官，今天想吃点什么？",
			"show_type": 1,
			"_id": "5d9542094ed5bd1c6b8c4e33",
			"is_more": true,
			"list": [{
				"id": "5b4725bbc0a1ea95158b45a5",
				"name": "芝士煎饺",
				"image": "http:\/\/ddimg.ddxq.mobi\/9869e7749520f0671a038075a9a61a36.jpg?width=660&height=439",
				"width": "660",
				"height": "439",
				"food_desc": "饺子 、马苏里拉芝士 、香葱 ",
				"time_consuming": "20分钟",
				"author_name": "烟火间",
				"author_id": "5b47254306752e52378c8b01",
				"is_shelf": 1,
				"is_vod": false,
				"author_avatar": "https:\/\/img.ddimg.mobi\/recipe\/60125b4b42a681531389233500.png",
				"is_system_recommend": 1
			}, {
				"id": "5b31fc5b01a6eaf7328b4666",
				"name": "玉米莲藕排骨汤",
				"image": "http:\/\/ddimg.ddxq.mobi\/bc769b629f7731530526300415.jpg?width=400&height=300",
				"width": "400",
				"height": "300",
				"food_desc": "甜玉米 、猪排骨 、莲藕 、香葱 、生姜 、料酒 ",
				"time_consuming": "15分钟",
				"author_name": "玉池桃红",
				"author_id": "5b20c597846c2e993b8c0933",
				"is_shelf": 1,
				"is_vod": false,
				"author_avatar": "https:\/\/img.ddimg.mobi\/recipe\/4b6c4ff3761bf1528874302007.jpg",
				"is_system_recommend": 1
			}, {
				"id": "5d78c5fe25e1f7fd1a8b4573",
				"name": "野山椒辣味鸡胗",
				"image": "https:\/\/img.ddimg.mobi\/recipe\/1d6d776a2ff9c1568770703847.jpg?width=1000&height=663",
				"width": "1000",
				"height": "663",
				"food_desc": "泡椒 、料酒 、花椒粒 、鲜酱油 、生姜 、蒜头 、淀粉 、鸡胗 、青椒 ",
				"time_consuming": "10分钟",
				"author_name": "小美的美食",
				"author_id": "5d50e1c74fb79759158da46a",
				"is_shelf": 1,
				"is_vod": false,
				"author_avatar": "http:\/\/img.ddimg.mobi\/recipe\/bedce03fb7e11565581743424.jpg",
				"is_system_recommend": 1
			}, {
				"id": "5bc5bbad716de1bb4f8b4a31",
				"name": "山药板栗鸭汤",
				"image": "http:\/\/ddimg.ddxq.mobi\/3f2b425076653f75738fd6e73b24c04b.jpg?width=660&height=440",
				"width": "660",
				"height": "440",
				"food_desc": "鸭子 、铁棍山药 、板栗 、生姜 、料酒 ",
				"time_consuming": "",
				"author_name": "黄豆豆的一家",
				"author_id": "5bc5b9fcdc92d01b17961b87",
				"is_shelf": 1,
				"is_vod": false,
				"author_avatar": "https:\/\/img.ddimg.mobi\/recipe\/6278e37a019271539684828956.jpg",
				"is_system_recommend": 1
			}, {
				"id": "5cde83c0716de147428b4ff4",
				"name": "牛肉罗宋汤",
				"image": "https:\/\/img.ddimg.mobi\/recipe\/b74341681ac6f1558338526305.jpg?width=800&height=600",
				"width": "800",
				"height": "600",
				"food_desc": "番茄 、洋葱 、土豆 、牛腩 、胡萝卜 、鲜酱油 、番茄酱 ",
				"time_consuming": "45分钟以上",
				"author_name": "尖尖实验室",
				"author_id": "5c5006357dcc10fb61967529",
				"is_shelf": 1,
				"is_vod": false,
				"author_avatar": "http:\/\/img.ddimg.mobi\/recipe\/f60ad1fdb52871548748157370.jpg",
				"is_system_recommend": 1
			}, {
				"id": "5cef75aa4fb797096d8e1c9f",
				"name": "炸酱面|日日煮",
				"image": "https:\/\/img.ddimg.mobi\/recipe\/8c3bb7094c3521559197094534.jpg?width=441&height=328",
				"width": "441",
				"height": "328",
				"food_desc": "猪肉糜 250g、淀粉 10g、芝麻油 1茶匙、生抽 1汤匙、黄瓜 1根、海米 20g、郫县豆瓣酱 适量、面条 适量",
				"time_consuming": "",
				"author_name": "日日煮DayDayCook",
				"author_id": "5cef435a4df3e3f83f8ca32f",
				"is_shelf": 1,
				"is_vod": true,
				"author_avatar": "https:\/\/img.ddimg.mobi\/recipe\/b11d7d73f7e741559183960286.jpg",
				"is_system_recommend": 1
			}, {
				"id": "5b2378bc3f6f40a073004397",
				"name": "油豆腐煮鱼",
				"image": "http:\/\/ddimg.ddxq.mobi\/c47e037937b731529978803904.jpg?width=450&height=337",
				"width": "450",
				"height": "337",
				"food_desc": "花鲢鱼 、油豆腐 、青蒜 、青椒 、大红椒 、料酒 、生抽 、鸡精 、白胡椒 ",
				"time_consuming": "20分钟",
				"author_name": "圆猪猪",
				"author_id": "5b20d866c5702e2d0c8bc339",
				"is_shelf": 1,
				"is_vod": false,
				"author_avatar": "https:\/\/img.ddimg.mobi\/recipe\/5c9f6fcd799ed1528879181375.jpg",
				"is_system_recommend": 1
			}, {
				"id": "5b7274d601a6ea1c0b8b4a29",
				"name": "姜汁可乐鸡翅",
				"image": "http:\/\/ddimg.ddxq.mobi\/f7b1c7cf0eec321d8b702122e98fc533.jpg?width=660&height=528",
				"width": "660",
				"height": "528",
				"food_desc": "鸡中翅 、香葱 、可乐 、生姜 、料酒 、红烧汁 ",
				"time_consuming": "20分钟",
				"author_name": "家味香厨房",
				"author_id": "5b71416606752ede4d8d8a66",
				"is_shelf": 1,
				"is_vod": false,
				"author_avatar": "https:\/\/img.ddimg.mobi\/recipe\/60e46516983641534148913287.jpg",
				"is_system_recommend": 1
			}, {
				"id": "5b2378d43f6f40a07300449b",
				"name": "麻辣豆腐锅",
				"image": "http:\/\/ddimg.ddxq.mobi\/9a0c86e3404c5110fc1e17c16d5d9ba2.jpg?width=443&height=356",
				"width": "443",
				"height": "356",
				"food_desc": "老豆腐 、香菇 、大红椒 、香葱 、生姜 、蒜头 、花椒粒 、郫县豆瓣酱 、生抽 、白砂糖 、鸡精 、白胡椒 、玉米淀粉 ",
				"time_consuming": "",
				"author_name": "圆猪猪",
				"author_id": "5b20d866c5702e2d0c8bc339",
				"is_shelf": 1,
				"is_vod": false,
				"author_avatar": "https:\/\/img.ddimg.mobi\/recipe\/5c9f6fcd799ed1528879181375.jpg",
				"is_system_recommend": 1
			}, {
				"id": "5c7cfc5312a721282e8b4724",
				"name": "葱油蛏子|卡米拉",
				"image": "http:\/\/img.ddimg.mobi\/recipe\/4e1412e6ae1ff1551768834540.jpg?width=1440&height=1080",
				"width": "1440",
				"height": "1080",
				"food_desc": "蛏子 、生姜 、香葱 、蒜头 、干辣椒 、鲜酱油 、料酒 ",
				"time_consuming": "30分钟",
				"author_name": "卡米拉",
				"author_id": "5c6cf8babf3f91c259aac44f",
				"is_shelf": 1,
				"is_vod": false,
				"author_avatar": "http:\/\/img.ddimg.mobi\/recipe\/ec44af48c47f51550645288982.jpg",
				"is_system_recommend": 1
			}]
		}
	},
	"server_time": 1570115754
}