{
	"success": true,
	"code": 0,
	"msg": "success",
	"data": {
		"big_recommend": {
			"name": "客官，今天想吃点什么？",
			"show_type": 1,
			"_id": "5d9542094ed5bd1c6b8c4e33",
			"is_more": true,
			"list": [{
				"id": "5b582dab01a6eabb7a8b48cf",
				"name": "培根土豆",
				"image": "http:\/\/ddimg.ddxq.mobi\/2ab980e18fc51e0b142b4264444c9a85.jpg?width=465&height=700",
				"width": "465",
				"height": "700",
				"food_desc": "培根 、土豆 、洋葱片 、芹菜 、蚝油 、胡椒粉 ",
				"time_consuming": "20分钟",
				"author_name": "月亮晶晶",
				"author_id": "5b582570c5702e2e018bbf46",
				"is_shelf": 1,
				"is_vod": false,
				"author_avatar": "https:\/\/img.ddimg.mobi\/recipe\/4e33e00b3ed6e1532503295917.jpg",
				"is_system_recommend": 1
			}, {
				"id": "5c416aa3d033a1033d8b4d3b",
				"name": "盐水虾",
				"image": "http:\/\/img.ddimg.mobi\/recipe\/9995351934b281548075925838.jpg?width=600&height=495",
				"width": "600",
				"height": "495",
				"food_desc": "大虾 、生姜 、蒜头 、生抽 、料酒 、芝麻油 ",
				"time_consuming": "10分钟",
				"author_name": "菊娜JUJU",
				"author_id": "5c18a97201b311d369aad955",
				"is_shelf": 1,
				"is_vod": false,
				"author_avatar": "http:\/\/img.ddimg.mobi\/recipe\/029838c089c61545120045386.jpg",
				"is_system_recommend": 1
			}, {
				"id": "5b2378bc3f6f40a073004396",
				"name": "葱香手撕鸡",
				"image": "http:\/\/ddimg.ddxq.mobi\/4417c28c18afa1529637031470.jpg?width=450&height=337",
				"width": "450",
				"height": "337",
				"food_desc": "整鸡 、芹菜 、洋葱 、洋葱片 、大红椒 、花椒粒 、蒜头 、鸡精 、白砂糖 、生抽 、老抽 、料酒 、芝麻油 ",
				"time_consuming": "",
				"author_name": "圆猪猪",
				"author_id": "5b20d866c5702e2d0c8bc339",
				"is_shelf": 1,
				"is_vod": false,
				"author_avatar": "https:\/\/img.ddimg.mobi\/recipe\/5c9f6fcd799ed1528879181375.jpg",
				"is_system_recommend": 1
			}, {
				"id": "5b2378ad3f6f40a0730042e6",
				"name": "牛奶小馒头",
				"image": "http:\/\/ddimg.ddxq.mobi\/1f836b24796771529894173975.jpg?width=552&height=414",
				"width": "552",
				"height": "414",
				"food_desc": "牛奶 、中筋粉 、白砂糖 、酵母 ",
				"time_consuming": "45分钟",
				"author_name": "下山虎虎",
				"author_id": "5b20c77d846c2e30288c2892",
				"is_shelf": 1,
				"is_vod": false,
				"author_avatar": "https:\/\/img.ddimg.mobi\/recipe\/4f29af68700381528874870762.jpg",
				"is_system_recommend": 1
			}, {
				"id": "5b472944c0a1ea95158b5032",
				"name": "红酒蘑菇牛排",
				"image": "http:\/\/ddimg.ddxq.mobi\/958acaeda2d25b627583206f0dd20682.jpg?width=400&height=602",
				"width": "400",
				"height": "602",
				"food_desc": "牛排 、橄榄油 、洋葱片 、蒜头 、蘑菇 、番茄酱 、红葡萄酒 、浓汤宝 、中筋粉 ",
				"time_consuming": "20分钟",
				"author_name": "烟火间",
				"author_id": "5b47254306752e52378c8b01",
				"is_shelf": 1,
				"is_vod": false,
				"author_avatar": "https:\/\/img.ddimg.mobi\/recipe\/60125b4b42a681531389233500.png",
				"is_system_recommend": 1
			}, {
				"id": "5b2378a13f6f40a073004237",
				"name": "特色风味烤蛤蜊",
				"image": "http:\/\/ddimg.ddxq.mobi\/0e82df00dc2d6e99c0e0dda5c8d8ba6a.jpg?width=660&height=495",
				"width": "660",
				"height": "495",
				"food_desc": "蛤蜊 、料酒 、生抽 、辣椒酱 、豆豉酱 ",
				"time_consuming": "",
				"author_name": "红妆微醉",
				"author_id": "5b20c6c6846c2e2b308c11c2",
				"is_shelf": 1,
				"is_vod": false,
				"author_avatar": "https:\/\/img.ddimg.mobi\/recipe\/67e13b4966ff31528874664653.jpg",
				"is_system_recommend": 1
			}, {
				"id": "5c7600f1d033a1aa258b508d",
				"name": "板栗山药鲜鸡汤",
				"image": "http:\/\/img.ddimg.mobi\/recipe\/c6d39da85ae1551249300317.jpg?width=1280&height=843",
				"width": "1280",
				"height": "843",
				"food_desc": "童子鸡 、山药 、板栗 ",
				"time_consuming": "45分钟以上",
				"author_name": "Sunrise",
				"author_id": "5b0e1d07c3c44289388cf20c",
				"is_shelf": 1,
				"is_vod": false,
				"author_avatar": "https:\/\/img.ddimg.mobi\/recipe\/db50a7877d0b31527651588325.jpg",
				"is_system_recommend": 1
			}, {
				"id": "5c3ead5dd033a1033d8b4585",
				"name": "香煎黄脚立",
				"image": "http:\/\/img.ddimg.mobi\/recipe\/c1341a8e22a7e1547812641693.jpg?width=662&height=440",
				"width": "662",
				"height": "440",
				"food_desc": "鲷鱼 、生姜 、香葱 、鲜酱油 、料酒 ",
				"time_consuming": "20分钟",
				"author_name": "菊娜JUJU",
				"author_id": "5c18a97201b311d369aad955",
				"is_shelf": 1,
				"is_vod": false,
				"author_avatar": "http:\/\/img.ddimg.mobi\/recipe\/029838c089c61545120045386.jpg",
				"is_system_recommend": 1
			}, {
				"id": "5d10d89226c3d19e758b45d0",
				"name": "香卤牛肉",
				"image": "https:\/\/img.ddimg.mobi\/recipe\/039b68fb1e83a1561534214494.jpg?width=800&height=531",
				"width": "800",
				"height": "531",
				"food_desc": "牛腱 、大葱 、料酒 、冰糖 、蒜头 、花椒粒 、桂皮 、香叶 、生抽 、老抽 、草果 、生姜 、八角 、干辣椒 ",
				"time_consuming": "45分钟以上",
				"author_name": "美姐姐的小资生活",
				"author_id": "5c6b71a33b599001788dc47a",
				"is_shelf": 1,
				"is_vod": false,
				"author_avatar": "http:\/\/img.ddimg.mobi\/recipe\/d570c494c421c1550545237691.jpg",
				"is_system_recommend": 1
			}, {
				"id": "5b618a9c846c2ef2078cf56f",
				"name": "《向往的生活》辣子鸡",
				"image": "http:\/\/ddimg.ddxq.mobi\/65d1fd8f8040c1533119103242.png?width=554&height=304",
				"width": "554",
				"height": "304",
				"food_desc": "鸡胸肉 、干辣椒 、辣椒粉 、香葱 、生姜 、淀粉 、胡椒粉 ",
				"time_consuming": "10分钟",
				"author_name": "",
				"author_id": "",
				"is_shelf": 1,
				"is_vod": false,
				"author_avatar": "",
				"is_system_recommend": 1
			}]
		}
	},
	"server_time": 1570115778
}