{
  "success": true,
  "code": 0,
  "msg": "ok",
  "data": {
    "ad_id": "1108",
    "cate": [{
        "id": "category_recommend",
        "name": "推荐",
        "products": [{
            "id": "58bf91a3936edff5313e081b",
            "product_name": "清美盐卤五香干 120g/袋",
            "name": "清美盐卤五香干 120g/袋",
            "origin_price": "2.90",
            "price": "2.90",
            "vip_price": "",
            "spec": "新老包装交替中 皖北风味~",
            "small_image": "https://ddimg.ddxq.mobi/0ee98edc76e5c1539672112924.jpg!maicai.product.list",
            "category_id": "58fbf528936edfe6568b5ad7",
            "sizes": [],
            "total_sales": 9066,
            "month_sales": 0,
            "buy_limit": 0,
            "mark_discount": 0,
            "mark_new": 0,
            "mark_self": 0,
            "status": 1,
            "category_path": "58f9d233936edfe3568b5655,58fbf528936edfe6568b5ad7",
            "type": 0,
            "stockout_reserved": false,
            "is_promotion": 0,
            "sale_point_msg": [
              [
                "",
                ""
              ],
              [
                "",
                ""
              ]
            ],
            "activity": [],
            "is_presale": 0,
            "presale_delivery_date_display": "",
            "is_gift": 0,
            "is_onion": 0,
            "is_invoice": 1,
            "sub_list": [],
            "badge_img": "",
            "is_vod": false,
            "stock_number": 11,
            "today_stockout": "",
            "is_booking": 0
          },
          {
            "id": "5cee752610abf114bf75630d",
            "product_name": "清美香浓豆浆 1L/瓶",
            "name": "清美香浓豆浆 1L/瓶",
            "origin_price": "11.80",
            "price": "9.90",
            "vip_price": "",
            "spec": "喝完一瓶还想再来一瓶 香浓醇厚",
            "small_image": "https://img.ddimg.mobi/product/c6dd8341a8cc61559316360135.gif!deliver.product.list",
            "category_id": "5a0542d6936edf6d05a4c863",
            "sizes": [],
            "total_sales": 8815,
            "month_sales": 0,
            "buy_limit": 0,
            "mark_discount": 0,
            "mark_new": 0,
            "mark_self": 0,
            "status": 1,
            "category_path": "58f9d233936edfe3568b5655,5a0542d6936edf6d05a4c863",
            "type": 0,
            "stockout_reserved": false,
            "is_promotion": 0,
            "sale_point_msg": [],
            "activity": [{
              "type": 6,
              "type_name": "特价",
              "tag": ""
            }],
            "is_presale": 0,
            "presale_delivery_date_display": "",
            "is_gift": 0,
            "is_onion": 0,
            "is_invoice": 1,
            "sub_list": [],
            "badge_img": "",
            "is_vod": true,
            "stock_number": 7,
            "today_stockout": "",
            "is_booking": 0
          },
          {
            "id": "5b56a83dc0a1eaef368b57eb",
            "product_name": "清美水晶冰爽 230g/杯",
            "name": "清美水晶冰爽 230g/杯",
            "origin_price": "2.50",
            "price": "2.50",
            "vip_price": "",
            "spec": "薄荷味果冻 冰凉滑进你心~",
            "small_image": "https://img.ddimg.mobi/product/b2ebee1b48f791557990736871.jpg!deliver.product.list",
            "category_id": "58fea535936edfe5568b6798",
            "sizes": [],
            "total_sales": 7901,
            "month_sales": 0,
            "buy_limit": 0,
            "mark_discount": 0,
            "mark_new": 0,
            "mark_self": 0,
            "status": 1,
            "category_path": "58f9d233936edfe3568b5655,58fea535936edfe5568b6798",
            "type": 0,
            "stockout_reserved": false,
            "is_promotion": 0,
            "sale_point_msg": [
              [
                "",
                ""
              ],
              [
                "",
                ""
              ]
            ],
            "activity": [],
            "is_presale": 0,
            "presale_delivery_date_display": "",
            "is_gift": 0,
            "is_onion": 0,
            "is_invoice": 1,
            "sub_list": [],
            "badge_img": "",
            "is_vod": false,
            "stock_number": 2,
            "today_stockout": "",
            "is_booking": 0
          },
          {
            "id": "5cbec2a6b0055a4fb3016134",
            "product_name": "旭洋麻腐 350g/盒",
            "name": "旭洋麻腐 350g/盒",
            "origin_price": "4.90",
            "price": "4.90",
            "vip_price": "",
            "spec": "消暑必备凉粉 筋软光滑 ~",
            "small_image": "https://img.ddimg.mobi/product/8ec72ba61440e1556005733755.jpg!deliver.product.list",
            "category_id": "58fbf508936edfe3568b599f",
            "sizes": [],
            "total_sales": 8132,
            "month_sales": 0,
            "buy_limit": 0,
            "mark_discount": 0,
            "mark_new": 0,
            "mark_self": 0,
            "status": 1,
            "category_path": "58f9d233936edfe3568b5655,58fbf508936edfe3568b599f",
            "type": 0,
            "stockout_reserved": false,
            "is_promotion": 0,
            "sale_point_msg": [],
            "activity": [],
            "is_presale": 0,
            "presale_delivery_date_display": "",
            "is_gift": 0,
            "is_onion": 0,
            "is_invoice": 1,
            "sub_list": [],
            "badge_img": "",
            "is_vod": false,
            "stock_number": 3,
            "today_stockout": "",
            "is_booking": 0
          },
          {
            "id": "5ae2c90ac0a1ea08558b45e5",
            "product_name": "汉康绿豆粉皮 220g/袋",
            "name": "汉康绿豆粉皮 220g/袋",
            "origin_price": "5.90",
            "price": "5.90",
            "vip_price": "",
            "spec": "滋溜 在口中滑出新滋味",
            "small_image": "https://ddimg.ddxq.mobi/447ae17ac62541526989032501.jpg!maicai.product.list",
            "category_id": "5b0fefb3846c2eae7f8c4733",
            "sizes": [],
            "total_sales": 8201,
            "month_sales": 0,
            "buy_limit": 0,
            "mark_discount": 0,
            "mark_new": 0,
            "mark_self": 0,
            "status": 1,
            "category_path": "58f9d233936edfe3568b5655,5b0fefb3846c2eae7f8c4733",
            "type": 0,
            "stockout_reserved": false,
            "is_promotion": 0,
            "sale_point_msg": [
              [
                "",
                ""
              ],
              [
                "",
                ""
              ]
            ],
            "activity": [],
            "is_presale": 0,
            "presale_delivery_date_display": "",
            "is_gift": 0,
            "is_onion": 0,
            "is_invoice": 1,
            "sub_list": [],
            "badge_img": "",
            "is_vod": false,
            "stock_number": 2,
            "today_stockout": "",
            "is_booking": 0
          },
          {
            "id": "58bf8d1a936edf72323d9bfc",
            "product_name": "清美内酯豆腐 400g/盒",
            "name": "清美内酯豆腐 400g/盒",
            "origin_price": "2.00",
            "price": "2.00",
            "vip_price": "",
            "spec": "质地细嫩 色香味均优于其他普通豆腐",
            "small_image": "https://img.ddimg.mobi/product/2f9f42dd5c3311558682395205.jpg!deliver.product.list",
            "category_id": "58fbf508936edfe3568b599f",
            "sizes": [],
            "total_sales": 9072,
            "month_sales": 0,
            "buy_limit": 0,
            "mark_discount": 0,
            "mark_new": 0,
            "mark_self": 0,
            "status": 1,
            "category_path": "58f9d233936edfe3568b5655,58fbf508936edfe3568b599f",
            "type": 0,
            "stockout_reserved": false,
            "is_promotion": 0,
            "sale_point_msg": [
              [
                "",
                ""
              ],
              [
                "",
                ""
              ]
            ],
            "activity": [],
            "is_presale": 0,
            "presale_delivery_date_display": "",
            "is_gift": 0,
            "is_onion": 0,
            "is_invoice": 1,
            "sub_list": [],
            "badge_img": "",
            "is_vod": false,
            "stock_number": 24,
            "today_stockout": "可订明日",
            "is_booking": 1
          }
        ]
      },
      {
        "id": "5c9c5c792b12be5f1304985b",
        "name": "豆干",
        "products": [{
            "id": "5b2a3008c0a1ea05698b57b8",
            "product_name": "旭洋香干 250g/袋",
            "name": "旭洋香干 250g/袋",
            "origin_price": "4.90",
            "price": "4.90",
            "vip_price": "",
            "spec": "香芹炒香干 美味不可挡~",
            "small_image": "https://img.ddimg.mobi/product/063762fc447f51553053334677.jpg!deliver.product.list",
            "category_id": "58fbf528936edfe6568b5ad7",
            "sizes": [],
            "total_sales": 8968,
            "month_sales": 0,
            "buy_limit": 0,
            "mark_discount": 0,
            "mark_new": 0,
            "mark_self": 0,
            "status": 1,
            "category_path": "58f9d233936edfe3568b5655,58fbf528936edfe6568b5ad7",
            "type": 0,
            "stockout_reserved": false,
            "is_promotion": 0,
            "sale_point_msg": [
              [
                "",
                ""
              ],
              [
                "",
                ""
              ]
            ],
            "activity": [],
            "is_presale": 0,
            "presale_delivery_date_display": "",
            "is_gift": 0,
            "is_onion": 0,
            "is_invoice": 1,
            "sub_list": [],
            "badge_img": "",
            "is_vod": false,
            "stock_number": 7,
            "today_stockout": "",
            "is_booking": 0
          },
          {
            "id": "58bf91a3936edff5313e081b",
            "product_name": "清美盐卤五香干 120g/袋",
            "name": "清美盐卤五香干 120g/袋",
            "origin_price": "2.90",
            "price": "2.90",
            "vip_price": "",
            "spec": "新老包装交替中 皖北风味~",
            "small_image": "https://ddimg.ddxq.mobi/0ee98edc76e5c1539672112924.jpg!maicai.product.list",
            "category_id": "58fbf528936edfe6568b5ad7",
            "sizes": [],
            "total_sales": 9066,
            "month_sales": 0,
            "buy_limit": 0,
            "mark_discount": 0,
            "mark_new": 0,
            "mark_self": 0,
            "status": 1,
            "category_path": "58f9d233936edfe3568b5655,58fbf528936edfe6568b5ad7",
            "type": 0,
            "stockout_reserved": false,
            "is_promotion": 0,
            "sale_point_msg": [
              [
                "",
                ""
              ],
              [
                "",
                ""
              ]
            ],
            "activity": [],
            "is_presale": 0,
            "presale_delivery_date_display": "",
            "is_gift": 0,
            "is_onion": 0,
            "is_invoice": 1,
            "sub_list": [],
            "badge_img": "",
            "is_vod": false,
            "stock_number": 11,
            "today_stockout": "",
            "is_booking": 0
          },
          {
            "id": "5bf4dcdc716de100468c7773",
            "product_name": "艺杏五香干 180g/袋",
            "name": "艺杏五香干 180g/袋",
            "origin_price": "3.50",
            "price": "3.50",
            "vip_price": "",
            "spec": "咸鲜五香干 吃了忘不掉",
            "small_image": "https://img.ddimg.mobi/product/1e8b5cea485ab1543472656818.jpg!maicai.product.list",
            "category_id": "58fbf528936edfe6568b5ad7",
            "sizes": [],
            "total_sales": 8922,
            "month_sales": 0,
            "buy_limit": 0,
            "mark_discount": 0,
            "mark_new": 0,
            "mark_self": 0,
            "status": 1,
            "category_path": "58f9d233936edfe3568b5655,58fbf528936edfe6568b5ad7",
            "type": 0,
            "stockout_reserved": false,
            "is_promotion": 0,
            "sale_point_msg": [
              [
                "",
                ""
              ],
              [
                "",
                ""
              ]
            ],
            "activity": [],
            "is_presale": 0,
            "presale_delivery_date_display": "",
            "is_gift": 0,
            "is_onion": 0,
            "is_invoice": 1,
            "sub_list": [],
            "badge_img": "",
            "is_vod": false,
            "stock_number": 7,
            "today_stockout": "",
            "is_booking": 0
          }
        ]
      },
      {
        "id": "5a1597da936edfb94a9e4718",
        "name": "豆浆",
        "products": [{
            "id": "5cee752610abf114bf75630d",
            "product_name": "清美香浓豆浆 1L/瓶",
            "name": "清美香浓豆浆 1L/瓶",
            "origin_price": "11.80",
            "price": "9.90",
            "vip_price": "",
            "spec": "喝完一瓶还想再来一瓶 香浓醇厚",
            "small_image": "https://img.ddimg.mobi/product/c6dd8341a8cc61559316360135.gif!deliver.product.list",
            "category_id": "5a0542d6936edf6d05a4c863",
            "sizes": [],
            "total_sales": 8815,
            "month_sales": 0,
            "buy_limit": 0,
            "mark_discount": 0,
            "mark_new": 0,
            "mark_self": 0,
            "status": 1,
            "category_path": "58f9d233936edfe3568b5655,5a0542d6936edf6d05a4c863",
            "type": 0,
            "stockout_reserved": false,
            "is_promotion": 0,
            "sale_point_msg": [],
            "activity": [{
              "type": 6,
              "type_name": "特价",
              "tag": ""
            }],
            "is_presale": 0,
            "presale_delivery_date_display": "",
            "is_gift": 0,
            "is_onion": 0,
            "is_invoice": 1,
            "sub_list": [],
            "badge_img": "",
            "is_vod": true,
            "stock_number": 7,
            "today_stockout": "",
            "is_booking": 0
          },
          {
            "id": "5c9c612252a95b4df70a2d22",
            "product_name": "清美特浓豆浆 395ml/袋",
            "name": "清美特浓豆浆 395ml/袋",
            "origin_price": "2.50",
            "price": "2.50",
            "vip_price": "",
            "spec": "无糖豆浆 浓郁够味",
            "small_image": "https://img.ddimg.mobi/product/711084f0117e51554115848729.jpg!deliver.product.list",
            "category_id": "5a0542d6936edf6d05a4c863",
            "sizes": [],
            "total_sales": 8871,
            "month_sales": 0,
            "buy_limit": 0,
            "mark_discount": 0,
            "mark_new": 0,
            "mark_self": 0,
            "status": 1,
            "category_path": "58f9d233936edfe3568b5655,5a0542d6936edf6d05a4c863",
            "type": 0,
            "stockout_reserved": false,
            "is_promotion": 0,
            "sale_point_msg": [],
            "activity": [],
            "is_presale": 0,
            "presale_delivery_date_display": "",
            "is_gift": 0,
            "is_onion": 0,
            "is_invoice": 1,
            "sub_list": [],
            "badge_img": "",
            "is_vod": false,
            "stock_number": 10,
            "today_stockout": "",
            "is_booking": 0
          },
          {
            "id": "5d15b8a77cdbf00b573e9565",
            "product_name": "旭洋五谷豆浆 245ml",
            "name": "旭洋五谷豆浆 245ml",
            "origin_price": "3.00",
            "price": "3.00",
            "vip_price": "",
            "spec": "五谷俱全 每天一袋营养加倍~",
            "small_image": "https://img.ddimg.mobi/product/c372109e0b9d71561704665455.jpg!deliver.product.list",
            "category_id": "5a0542d6936edf6d05a4c863",
            "sizes": [],
            "total_sales": 6830,
            "month_sales": 0,
            "buy_limit": 0,
            "mark_discount": 0,
            "mark_new": 0,
            "mark_self": 0,
            "status": 1,
            "category_path": "58f9d233936edfe3568b5655,5a0542d6936edf6d05a4c863",
            "type": 0,
            "stockout_reserved": false,
            "is_promotion": 0,
            "sale_point_msg": [],
            "activity": [],
            "is_presale": 0,
            "presale_delivery_date_display": "",
            "is_gift": 0,
            "is_onion": 0,
            "is_invoice": 1,
            "sub_list": [],
            "badge_img": "",
            "is_vod": false,
            "stock_number": 2,
            "today_stockout": "",
            "is_booking": 0
          },
          {
            "id": "5ae2ef7ac0a1ea99168b48e8",
            "product_name": "清美大豆原浆 250ml/袋",
            "name": "清美大豆原浆 250ml/袋",
            "origin_price": "1.50",
            "price": "1.50",
            "vip_price": "",
            "spec": "不含添加剂 甜甜的 健康营养",
            "small_image": "https://img.ddimg.mobi/product/ecbd1b469925a1547897363538.jpg!deliver.product.list",
            "category_id": "5a0542d6936edf6d05a4c863",
            "sizes": [],
            "total_sales": 9003,
            "month_sales": 0,
            "buy_limit": 0,
            "mark_discount": 0,
            "mark_new": 0,
            "mark_self": 0,
            "status": 1,
            "category_path": "58f9d233936edfe3568b5655,5a0542d6936edf6d05a4c863",
            "type": 0,
            "stockout_reserved": false,
            "is_promotion": 0,
            "sale_point_msg": [
              [
                "",
                ""
              ],
              [
                "",
                ""
              ]
            ],
            "activity": [],
            "is_presale": 0,
            "presale_delivery_date_display": "",
            "is_gift": 0,
            "is_onion": 0,
            "is_invoice": 1,
            "sub_list": [],
            "badge_img": "",
            "is_vod": false,
            "stock_number": 3,
            "today_stockout": "",
            "is_booking": 0
          },
          {
            "id": "5a0543f96ec2c4a8528b4576",
            "product_name": "清美原味豆奶 250ml/袋",
            "name": "清美原味豆奶 250ml/袋",
            "origin_price": "1.50",
            "price": "1.50",
            "vip_price": "",
            "spec": "甜甜豆奶 活力一整天~",
            "small_image": "https://img.ddimg.mobi/product/f6c0e6b50a4ca1547897380198.jpg!deliver.product.list",
            "category_id": "5a0542d6936edf6d05a4c863",
            "sizes": [],
            "total_sales": 8962,
            "month_sales": 0,
            "buy_limit": 0,
            "mark_discount": 0,
            "mark_new": 0,
            "mark_self": 0,
            "status": 1,
            "category_path": "58f9d233936edfe3568b5655,5a0542d6936edf6d05a4c863",
            "type": 0,
            "stockout_reserved": false,
            "is_promotion": 0,
            "sale_point_msg": [
              [
                "",
                ""
              ],
              [
                "",
                ""
              ]
            ],
            "activity": [],
            "is_presale": 0,
            "presale_delivery_date_display": "",
            "is_gift": 0,
            "is_onion": 0,
            "is_invoice": 1,
            "sub_list": [],
            "badge_img": "",
            "is_vod": false,
            "stock_number": 7,
            "today_stockout": "",
            "is_booking": 0
          },
          {
            "id": "5d15b9337cdbf00b5e0cecb9",
            "product_name": "旭洋芝麻豆浆 245ml",
            "name": "旭洋芝麻豆浆 245ml",
            "origin_price": "3.00",
            "price": "3.00",
            "vip_price": "",
            "spec": "小小的身体 大大的营养~",
            "small_image": "https://img.ddimg.mobi/product/07517308dbaa81562120996103.jpg!deliver.product.list",
            "category_id": "5a0542d6936edf6d05a4c863",
            "sizes": [],
            "total_sales": 7110,
            "month_sales": 0,
            "buy_limit": 0,
            "mark_discount": 0,
            "mark_new": 0,
            "mark_self": 0,
            "status": 1,
            "category_path": "58f9d233936edfe3568b5655,5a0542d6936edf6d05a4c863",
            "type": 0,
            "stockout_reserved": false,
            "is_promotion": 0,
            "sale_point_msg": [],
            "activity": [],
            "is_presale": 0,
            "presale_delivery_date_display": "",
            "is_gift": 0,
            "is_onion": 0,
            "is_invoice": 1,
            "sub_list": [],
            "badge_img": "",
            "is_vod": false,
            "stock_number": 1,
            "today_stockout": "可订明日",
            "is_booking": 1
          }
        ]
      },
      {
        "id": "5a1597bf936edf2f1d90f5c4",
        "name": "豆腐",
        "products": [{
            "id": "58d07bd3916edf264dc5cd2a",
            "product_name": "清美绢豆腐 350g/盒",
            "name": "清美绢豆腐 350g/盒",
            "origin_price": "3.20",
            "price": "3.20",
            "vip_price": "",
            "spec": "质地细腻的哟~心动了么",
            "small_image": "https://img.ddimg.mobi/product/03cc0c150fc281558667096834.jpg!deliver.product.list",
            "category_id": "58fbf508936edfe3568b599f",
            "sizes": [],
            "total_sales": 9009,
            "month_sales": 0,
            "buy_limit": 0,
            "mark_discount": 0,
            "mark_new": 0,
            "mark_self": 0,
            "status": 1,
            "category_path": "58f9d233936edfe3568b5655,58fbf508936edfe3568b599f",
            "type": 0,
            "stockout_reserved": false,
            "is_promotion": 0,
            "sale_point_msg": [
              [
                "",
                ""
              ],
              [
                "",
                ""
              ]
            ],
            "activity": [],
            "is_presale": 0,
            "presale_delivery_date_display": "",
            "is_gift": 0,
            "is_onion": 0,
            "is_invoice": 1,
            "sub_list": [],
            "badge_img": "",
            "is_vod": false,
            "stock_number": 10,
            "today_stockout": "",
            "is_booking": 0
          },
          {
            "id": "5bf4daf3716de100468c75d3",
            "product_name": "艺杏绢豆腐 350g/盒",
            "name": "艺杏绢豆腐 350g/盒",
            "origin_price": "3.20",
            "price": "3.20",
            "vip_price": "",
            "spec": "似绢布般的丝滑口感",
            "small_image": "https://img.ddimg.mobi/product/65b6417dfc4f31543472691991.jpg!maicai.product.list",
            "category_id": "58fbf508936edfe3568b599f",
            "sizes": [],
            "total_sales": 8889,
            "month_sales": 0,
            "buy_limit": 0,
            "mark_discount": 0,
            "mark_new": 0,
            "mark_self": 0,
            "status": 1,
            "category_path": "58f9d233936edfe3568b5655,58fbf508936edfe3568b599f",
            "type": 0,
            "stockout_reserved": false,
            "is_promotion": 0,
            "sale_point_msg": [
              [
                "",
                ""
              ],
              [
                "",
                ""
              ]
            ],
            "activity": [],
            "is_presale": 0,
            "presale_delivery_date_display": "",
            "is_gift": 0,
            "is_onion": 0,
            "is_invoice": 1,
            "sub_list": [],
            "badge_img": "",
            "is_vod": false,
            "stock_number": 10,
            "today_stockout": "",
            "is_booking": 0
          },
          {
            "id": "598c1f43936edfe6478df2d4",
            "product_name": "旭洋绢豆腐 350g/盒",
            "name": "旭洋绢豆腐 350g/盒",
            "origin_price": "4.20",
            "price": "4.20",
            "vip_price": "",
            "spec": "凉拌 感受满口的清新顺滑",
            "small_image": "https://img.ddimg.mobi/product/14ca5b1d9c0371553046545769.jpg!deliver.product.list",
            "category_id": "58fbf508936edfe3568b599f",
            "sizes": [],
            "total_sales": 8937,
            "month_sales": 0,
            "buy_limit": 0,
            "mark_discount": 0,
            "mark_new": 0,
            "mark_self": 0,
            "status": 1,
            "category_path": "58f9d233936edfe3568b5655,58fbf508936edfe3568b599f",
            "type": 0,
            "stockout_reserved": false,
            "is_promotion": 0,
            "sale_point_msg": [
              [
                "",
                ""
              ],
              [
                "",
                ""
              ]
            ],
            "activity": [],
            "is_presale": 0,
            "presale_delivery_date_display": "",
            "is_gift": 0,
            "is_onion": 0,
            "is_invoice": 1,
            "sub_list": [],
            "badge_img": "",
            "is_vod": false,
            "stock_number": 14,
            "today_stockout": "",
            "is_booking": 0
          },
          {
            "id": "5c1a2201716de1e77d8b818c",
            "product_name": "旭洋纨豆腐 350g/盒",
            "name": "旭洋纨豆腐 350g/盒",
            "origin_price": "4.90",
            "price": "4.90",
            "vip_price": "",
            "spec": "滑滑嫩嫩 入口即碎",
            "small_image": "https://img.ddimg.mobi/product/d392dac26a3f31553046481783.jpg!deliver.product.list",
            "category_id": "58fbf508936edfe3568b599f",
            "sizes": [],
            "total_sales": 8477,
            "month_sales": 0,
            "buy_limit": 0,
            "mark_discount": 0,
            "mark_new": 0,
            "mark_self": 0,
            "status": 1,
            "category_path": "58f9d233936edfe3568b5655,58fbf508936edfe3568b599f",
            "type": 0,
            "stockout_reserved": false,
            "is_promotion": 0,
            "sale_point_msg": [],
            "activity": [],
            "is_presale": 0,
            "presale_delivery_date_display": "",
            "is_gift": 0,
            "is_onion": 0,
            "is_invoice": 1,
            "sub_list": [],
            "badge_img": "",
            "is_vod": false,
            "stock_number": 10,
            "today_stockout": "",
            "is_booking": 0
          },
          {
            "id": "59537715936edf11608c3a1d",
            "product_name": "汉康苏北老豆腐 400g/袋",
            "name": "汉康苏北老豆腐 400g/袋",
            "origin_price": "4.90",
            "price": "4.90",
            "vip_price": "",
            "spec": "色泽洁白 口感嫩滑而紧实",
            "small_image": "https://img.ddimg.mobi/product/2fcc2d6e7b50e1558670127199.jpg!deliver.product.list",
            "category_id": "58fbf508936edfe3568b599f",
            "sizes": [],
            "total_sales": 9024,
            "month_sales": 0,
            "buy_limit": 0,
            "mark_discount": 0,
            "mark_new": 0,
            "mark_self": 0,
            "status": 1,
            "category_path": "58f9d233936edfe3568b5655,58fbf508936edfe3568b599f",
            "type": 0,
            "stockout_reserved": false,
            "is_promotion": 0,
            "sale_point_msg": [
              [
                "豆香味浓",
                "纯正浓郁 清香四溢"
              ],
              [
                "弹性十足",
                "味道鲜美 "
              ]
            ],
            "activity": [],
            "is_presale": 0,
            "presale_delivery_date_display": "",
            "is_gift": 0,
            "is_onion": 0,
            "is_invoice": 1,
            "sub_list": [],
            "badge_img": "",
            "is_vod": false,
            "stock_number": 5,
            "today_stockout": "",
            "is_booking": 0
          },
          {
            "id": "59c0ef6e6ec2c4121f8b4599",
            "product_name": "汉康卤水老豆腐 380g/盒",
            "name": "汉康卤水老豆腐 380g/盒",
            "origin_price": "4.20",
            "price": "4.20",
            "vip_price": "",
            "spec": "盒装干净 本味豆香 久违的淳朴美味",
            "small_image": "https://img.ddimg.mobi/product/7d93c76f308261558670893918.jpg!deliver.product.list",
            "category_id": "58fbf508936edfe3568b599f",
            "sizes": [],
            "total_sales": 9014,
            "month_sales": 0,
            "buy_limit": 0,
            "mark_discount": 0,
            "mark_new": 0,
            "mark_self": 0,
            "status": 1,
            "category_path": "58f9d233936edfe3568b5655,58fbf508936edfe3568b599f",
            "type": 0,
            "stockout_reserved": false,
            "is_promotion": 0,
            "sale_point_msg": [
              [
                "",
                ""
              ],
              [
                "",
                ""
              ]
            ],
            "activity": [],
            "is_presale": 0,
            "presale_delivery_date_display": "",
            "is_gift": 0,
            "is_onion": 0,
            "is_invoice": 1,
            "sub_list": [],
            "badge_img": "",
            "is_vod": false,
            "stock_number": 5,
            "today_stockout": "",
            "is_booking": 0
          },
          {
            "id": "5bf4dd1a716de100468c77c7",
            "product_name": "艺杏小油豆腐 130g/袋",
            "name": "艺杏小油豆腐 130g/袋",
            "origin_price": "4.90",
            "price": "4.90",
            "vip_price": "",
            "spec": "油豆腐烧肉 味道好极了~",
            "small_image": "https://img.ddimg.mobi/product/e0f55322f48ae1543472645397.jpg!maicai.product.list",
            "category_id": "58fbf508936edfe3568b599f",
            "sizes": [],
            "total_sales": 8776,
            "month_sales": 0,
            "buy_limit": 0,
            "mark_discount": 0,
            "mark_new": 0,
            "mark_self": 0,
            "status": 1,
            "category_path": "58f9d233936edfe3568b5655,58fbf508936edfe3568b599f",
            "type": 0,
            "stockout_reserved": false,
            "is_promotion": 0,
            "sale_point_msg": [
              [
                "",
                ""
              ],
              [
                "",
                ""
              ]
            ],
            "activity": [],
            "is_presale": 0,
            "presale_delivery_date_display": "",
            "is_gift": 0,
            "is_onion": 0,
            "is_invoice": 1,
            "sub_list": [],
            "badge_img": "",
            "is_vod": false,
            "stock_number": 3,
            "today_stockout": "",
            "is_booking": 0
          },
          {
            "id": "59537998936edfb3448bf983",
            "product_name": "汉康日本豆腐 90g/袋",
            "name": "汉康日本豆腐 90g/袋",
            "origin_price": "1.90",
            "price": "1.90",
            "vip_price": "",
            "spec": "豆腐之爽滑鲜嫩 鸡蛋之美味清香",
            "small_image": "https://img.ddimg.mobi/product/2014875e60fd1547801754592.jpg!deliver.product.list",
            "category_id": "58fbf508936edfe3568b599f",
            "sizes": [],
            "total_sales": 8997,
            "month_sales": 0,
            "buy_limit": 0,
            "mark_discount": 0,
            "mark_new": 0,
            "mark_self": 0,
            "status": 1,
            "category_path": "58f9d233936edfe3568b5655,58fbf508936edfe3568b599f",
            "type": 0,
            "stockout_reserved": false,
            "is_promotion": 0,
            "sale_point_msg": [
              [
                "",
                ""
              ],
              [
                "",
                ""
              ]
            ],
            "activity": [],
            "is_presale": 0,
            "presale_delivery_date_display": "",
            "is_gift": 0,
            "is_onion": 0,
            "is_invoice": 1,
            "sub_list": [],
            "badge_img": "",
            "is_vod": false,
            "stock_number": 10,
            "today_stockout": "",
            "is_booking": 0
          },
          {
            "id": "5c135e12716de1e77d8b60d2",
            "product_name": "艺杏玉子豆腐 90g/袋",
            "name": "艺杏玉子豆腐 90g/袋",
            "origin_price": "1.90",
            "price": "1.90",
            "vip_price": "",
            "spec": "有蛋味 滑嫩香浓日本豆腐",
            "small_image": "https://img.ddimg.mobi/product/d9b74ca782b431544780952264.jpg!maicai.product.list",
            "category_id": "58fea535936edfe5568b6798",
            "sizes": [],
            "total_sales": 8700,
            "month_sales": 0,
            "buy_limit": 0,
            "mark_discount": 0,
            "mark_new": 0,
            "mark_self": 0,
            "status": 1,
            "category_path": "58f9d233936edfe3568b5655,58fea535936edfe5568b6798",
            "type": 0,
            "stockout_reserved": false,
            "is_promotion": 0,
            "sale_point_msg": [
              [
                "",
                ""
              ],
              [
                "",
                ""
              ]
            ],
            "activity": [],
            "is_presale": 0,
            "presale_delivery_date_display": "",
            "is_gift": 0,
            "is_onion": 0,
            "is_invoice": 1,
            "sub_list": [],
            "badge_img": "",
            "is_vod": false,
            "stock_number": 4,
            "today_stockout": "",
            "is_booking": 0
          },
          {
            "id": "5cbec2a6b0055a4fb3016134",
            "product_name": "旭洋麻腐 350g/盒",
            "name": "旭洋麻腐 350g/盒",
            "origin_price": "4.90",
            "price": "4.90",
            "vip_price": "",
            "spec": "消暑必备凉粉 筋软光滑 ~",
            "small_image": "https://img.ddimg.mobi/product/8ec72ba61440e1556005733755.jpg!deliver.product.list",
            "category_id": "58fbf508936edfe3568b599f",
            "sizes": [],
            "total_sales": 8132,
            "month_sales": 0,
            "buy_limit": 0,
            "mark_discount": 0,
            "mark_new": 0,
            "mark_self": 0,
            "status": 1,
            "category_path": "58f9d233936edfe3568b5655,58fbf508936edfe3568b599f",
            "type": 0,
            "stockout_reserved": false,
            "is_promotion": 0,
            "sale_point_msg": [],
            "activity": [],
            "is_presale": 0,
            "presale_delivery_date_display": "",
            "is_gift": 0,
            "is_onion": 0,
            "is_invoice": 1,
            "sub_list": [],
            "badge_img": "",
            "is_vod": false,
            "stock_number": 3,
            "today_stockout": "",
            "is_booking": 0
          },
          {
            "id": "5b433f67c0a1ea173b8c1084",
            "product_name": "清美绍兴臭豆腐 285g/盒",
            "name": "清美绍兴臭豆腐 285g/盒",
            "origin_price": "6.90",
            "price": "6.90",
            "vip_price": "",
            "spec": "味道相当足 绍兴臭豆腐 正点~",
            "small_image": "https://img.ddimg.mobi/product/f348537a7a6df1558682539489.jpg!deliver.product.list",
            "category_id": "58fbf508936edfe3568b599f",
            "sizes": [],
            "total_sales": 8723,
            "month_sales": 0,
            "buy_limit": 0,
            "mark_discount": 0,
            "mark_new": 0,
            "mark_self": 0,
            "status": 1,
            "category_path": "58f9d233936edfe3568b5655,58fbf508936edfe3568b599f",
            "type": 0,
            "stockout_reserved": false,
            "is_promotion": 0,
            "sale_point_msg": [
              [
                "",
                ""
              ],
              [
                "",
                ""
              ]
            ],
            "activity": [],
            "is_presale": 0,
            "presale_delivery_date_display": "",
            "is_gift": 0,
            "is_onion": 0,
            "is_invoice": 1,
            "sub_list": [],
            "badge_img": "",
            "is_vod": false,
            "stock_number": 2,
            "today_stockout": "",
            "is_booking": 0
          },
          {
            "id": "5b693ed3c0a1ea333a8b5dd0",
            "product_name": "安井千夜豆腐 400g/袋",
            "name": "安井千夜豆腐 400g/袋",
            "origin_price": "6.90",
            "price": "6.90",
            "vip_price": "5.90",
            "spec": "干锅千叶豆腐 Q弹劲道",
            "small_image": "https://ddimg.ddxq.mobi/972a942d0f4851533639873551.jpg!maicai.product.list",
            "category_id": "58fbf508936edfe3568b599f",
            "sizes": [],
            "total_sales": 8901,
            "month_sales": 0,
            "buy_limit": 0,
            "mark_discount": 0,
            "mark_new": 0,
            "mark_self": 0,
            "status": 1,
            "category_path": "58f9d233936edfe3568b5655,58fbf508936edfe3568b599f",
            "type": 0,
            "stockout_reserved": false,
            "is_promotion": 0,
            "sale_point_msg": [
              [
                "精选材料精制而成",
                "保留豆腐原本细嫩"
              ],
              [
                "营养素食富有弹性",
                "口感鲜美 吃法多样！"
              ]
            ],
            "activity": [],
            "is_presale": 0,
            "presale_delivery_date_display": "",
            "is_gift": 0,
            "is_onion": 0,
            "is_invoice": 1,
            "sub_list": [],
            "badge_img": "https://img.ddimg.mobi/cf47783c866d81564663974316.png",
            "is_vod": true,
            "stock_number": 11,
            "today_stockout": "",
            "is_booking": 0
          },
          {
            "id": "5c22e45b716de13e768b6356",
            "product_name": "皇家浩利冻豆腐 400g/袋",
            "name": "皇家浩利冻豆腐 400g/袋",
            "origin_price": "8.60",
            "price": "8.60",
            "vip_price": "",
            "spec": "没有洞哪能叫做冻豆腐！",
            "small_image": "https://img.ddimg.mobi/product/a4570df332a191546930657570.jpg!maicai.product.list",
            "category_id": "58fbf508936edfe3568b599f",
            "sizes": [],
            "total_sales": 8292,
            "month_sales": 0,
            "buy_limit": 0,
            "mark_discount": 0,
            "mark_new": 0,
            "mark_self": 0,
            "status": 1,
            "category_path": "58f9d233936edfe3568b5655,58fbf508936edfe3568b599f",
            "type": 0,
            "stockout_reserved": false,
            "is_promotion": 0,
            "sale_point_msg": [
              [
                "",
                ""
              ],
              [
                "",
                ""
              ]
            ],
            "activity": [],
            "is_presale": 0,
            "presale_delivery_date_display": "",
            "is_gift": 0,
            "is_onion": 0,
            "is_invoice": 1,
            "sub_list": [],
            "badge_img": "",
            "is_vod": false,
            "stock_number": 7,
            "today_stockout": "",
            "is_booking": 0
          },
          {
            "id": "591d7d47936edf9e5da24830",
            "product_name": "味好美麻婆豆腐调料 35g/袋",
            "name": "味好美麻婆豆腐调料 35g/袋",
            "origin_price": "3.30",
            "price": "3.30",
            "vip_price": "",
            "spec": "想做麻婆豆腐真的少不了我",
            "small_image": "https://ddimg.ddxq.mobi/e4b993481495418674092.jpg!maicai.product.list",
            "category_id": "58fb4042936edfe4568b5904",
            "sizes": [],
            "total_sales": 8432,
            "month_sales": 0,
            "buy_limit": 0,
            "mark_discount": 0,
            "mark_new": 0,
            "mark_self": 0,
            "status": 1,
            "category_path": "58f9e5a1936edf89778b568b,58fb4042936edfe4568b5904",
            "type": 0,
            "stockout_reserved": false,
            "is_promotion": 0,
            "sale_point_msg": [
              [
                "",
                ""
              ],
              [
                "",
                ""
              ]
            ],
            "activity": [],
            "is_presale": 0,
            "presale_delivery_date_display": "",
            "is_gift": 0,
            "is_onion": 0,
            "is_invoice": 1,
            "sub_list": [],
            "badge_img": "",
            "is_vod": false,
            "stock_number": 9,
            "today_stockout": "",
            "is_booking": 0
          },
          {
            "id": "598c1fea936edfdb598ca1b0",
            "product_name": "旭洋内酯豆腐 350g/盒",
            "name": "旭洋内酯豆腐 350g/盒",
            "origin_price": "3.50",
            "price": "3.50",
            "vip_price": "",
            "spec": "水嫩柔软 愉悦舌尖的顺滑",
            "small_image": "https://ddimg.ddxq.mobi/91b184772b2071534231708462.jpg!maicai.product.list",
            "category_id": "58fbf508936edfe3568b599f",
            "sizes": [],
            "total_sales": 8932,
            "month_sales": 0,
            "buy_limit": 0,
            "mark_discount": 0,
            "mark_new": 0,
            "mark_self": 0,
            "status": 1,
            "category_path": "58f9d233936edfe3568b5655,58fbf508936edfe3568b599f",
            "type": 0,
            "stockout_reserved": false,
            "is_promotion": 0,
            "sale_point_msg": [
              [
                "",
                ""
              ],
              [
                "",
                ""
              ]
            ],
            "activity": [],
            "is_presale": 0,
            "presale_delivery_date_display": "",
            "is_gift": 0,
            "is_onion": 0,
            "is_invoice": 1,
            "sub_list": [],
            "badge_img": "",
            "is_vod": false,
            "stock_number": 2,
            "today_stockout": "可订明日",
            "is_booking": 1
          },
          {
            "id": "58bf8d1a936edf72323d9bfc",
            "product_name": "清美内酯豆腐 400g/盒",
            "name": "清美内酯豆腐 400g/盒",
            "origin_price": "2.00",
            "price": "2.00",
            "vip_price": "",
            "spec": "质地细嫩 色香味均优于其他普通豆腐",
            "small_image": "https://img.ddimg.mobi/product/2f9f42dd5c3311558682395205.jpg!deliver.product.list",
            "category_id": "58fbf508936edfe3568b599f",
            "sizes": [],
            "total_sales": 9072,
            "month_sales": 0,
            "buy_limit": 0,
            "mark_discount": 0,
            "mark_new": 0,
            "mark_self": 0,
            "status": 1,
            "category_path": "58f9d233936edfe3568b5655,58fbf508936edfe3568b599f",
            "type": 0,
            "stockout_reserved": false,
            "is_promotion": 0,
            "sale_point_msg": [
              [
                "",
                ""
              ],
              [
                "",
                ""
              ]
            ],
            "activity": [],
            "is_presale": 0,
            "presale_delivery_date_display": "",
            "is_gift": 0,
            "is_onion": 0,
            "is_invoice": 1,
            "sub_list": [],
            "badge_img": "",
            "is_vod": false,
            "stock_number": 24,
            "today_stockout": "可订明日",
            "is_booking": 1
          },
          {
            "id": "5c1a2607716de1e77d8b8321",
            "product_name": "旭洋手工盐卤老豆腐 400g/袋",
            "name": "旭洋手工盐卤老豆腐 400g/袋",
            "origin_price": "5.60",
            "price": "5.60",
            "vip_price": "",
            "spec": "豆味浓郁 有韧劲",
            "small_image": "https://img.ddimg.mobi/product/35428dc37447d1553052601691.jpg!deliver.product.list",
            "category_id": "58fbf508936edfe3568b599f",
            "sizes": [],
            "total_sales": 8389,
            "month_sales": 0,
            "buy_limit": 0,
            "mark_discount": 0,
            "mark_new": 0,
            "mark_self": 0,
            "status": 1,
            "category_path": "58f9d233936edfe3568b5655,58fbf508936edfe3568b599f",
            "type": 0,
            "stockout_reserved": false,
            "is_promotion": 0,
            "sale_point_msg": [],
            "activity": [],
            "is_presale": 0,
            "presale_delivery_date_display": "",
            "is_gift": 0,
            "is_onion": 0,
            "is_invoice": 1,
            "sub_list": [],
            "badge_img": "",
            "is_vod": false,
            "stock_number": 1,
            "today_stockout": "可订明日",
            "is_booking": 1
          }
        ]
      },
      {
        "id": "5a65c848846c2ebe098bb5d3",
        "name": "粉丝豆皮",
        "products": [{
            "id": "58eeb933916edfc24ccad13c",
            "product_name": "清美百页结 150g/袋",
            "name": "清美百页结 150g/袋",
            "origin_price": "6.90",
            "price": "6.90",
            "vip_price": "",
            "spec": "营养美味 老少咸宜",
            "small_image": "https://img.ddimg.mobi/product/438aeb5130c211558681370122.jpg!deliver.product.list",
            "category_id": "58fbf518936edfe4568b598f",
            "sizes": [],
            "total_sales": 8829,
            "month_sales": 0,
            "buy_limit": 0,
            "mark_discount": 0,
            "mark_new": 0,
            "mark_self": 0,
            "status": 1,
            "category_path": "58f9d233936edfe3568b5655,58fbf518936edfe4568b598f",
            "type": 0,
            "stockout_reserved": false,
            "is_promotion": 0,
            "sale_point_msg": [
              [
                "",
                ""
              ],
              [
                "",
                ""
              ]
            ],
            "activity": [],
            "is_presale": 0,
            "presale_delivery_date_display": "",
            "is_gift": 0,
            "is_onion": 0,
            "is_invoice": 1,
            "sub_list": [],
            "badge_img": "",
            "is_vod": false,
            "stock_number": 3,
            "today_stockout": "",
            "is_booking": 0
          },
          {
            "id": "58bf9657936edf23323d51f6",
            "product_name": "清美厚百页 170g/袋",
            "name": "清美厚百页 170g/袋",
            "origin_price": "3.90",
            "price": "3.90",
            "vip_price": "",
            "spec": "口感劲道 营养丰富还百搭",
            "small_image": "https://img.ddimg.mobi/product/fd5e7a2275d4c1558681531755.jpg!deliver.product.list",
            "category_id": "58fbf518936edfe4568b598f",
            "sizes": [],
            "total_sales": 8934,
            "month_sales": 0,
            "buy_limit": 0,
            "mark_discount": 0,
            "mark_new": 0,
            "mark_self": 0,
            "status": 1,
            "category_path": "58f9d233936edfe3568b5655,58fbf518936edfe4568b598f",
            "type": 0,
            "stockout_reserved": false,
            "is_promotion": 0,
            "sale_point_msg": [
              [
                "",
                ""
              ],
              [
                "",
                ""
              ]
            ],
            "activity": [],
            "is_presale": 0,
            "presale_delivery_date_display": "",
            "is_gift": 0,
            "is_onion": 0,
            "is_invoice": 1,
            "sub_list": [],
            "badge_img": "",
            "is_vod": false,
            "stock_number": 2,
            "today_stockout": "",
            "is_booking": 0
          },
          {
            "id": "5c87aab7ca2034755d4dc621",
            "product_name": "新鲜黄豆腐竹 150g/袋",
            "name": "新鲜黄豆腐竹 150g/袋",
            "origin_price": "11.90",
            "price": "11.90",
            "vip_price": "10.90",
            "spec": "涮火锅只需7秒 新鲜无需泡发",
            "small_image": "https://img.ddimg.mobi/product/d9ec15ab474911552394954717.jpg!deliver.product.list",
            "category_id": "58fbf518936edfe4568b598f",
            "sizes": [],
            "total_sales": 8008,
            "month_sales": 0,
            "buy_limit": 0,
            "mark_discount": 0,
            "mark_new": 0,
            "mark_self": 0,
            "status": 1,
            "category_path": "58f9d233936edfe3568b5655,58fbf518936edfe4568b598f",
            "type": 0,
            "stockout_reserved": false,
            "is_promotion": 0,
            "sale_point_msg": [],
            "activity": [],
            "is_presale": 0,
            "presale_delivery_date_display": "",
            "is_gift": 0,
            "is_onion": 0,
            "is_invoice": 1,
            "sub_list": [],
            "badge_img": "",
            "is_vod": true,
            "stock_number": 5,
            "today_stockout": "",
            "is_booking": 0
          },
          {
            "id": "5c10cb68716de1e77d8b5303",
            "product_name": "新鲜黑豆腐竹 150g/袋",
            "name": "新鲜黑豆腐竹 150g/袋",
            "origin_price": "12.90",
            "price": "12.90",
            "vip_price": "",
            "spec": "涮火锅只需7秒 新鲜无需泡发",
            "small_image": "https://img.ddimg.mobi/product/ded989ceb52f71544668668799.jpg!maicai.product.list",
            "category_id": "58fbf518936edfe4568b598f",
            "sizes": [],
            "total_sales": 7430,
            "month_sales": 0,
            "buy_limit": 0,
            "mark_discount": 0,
            "mark_new": 0,
            "mark_self": 0,
            "status": 1,
            "category_path": "58f9d233936edfe3568b5655,58fbf518936edfe4568b598f",
            "type": 0,
            "stockout_reserved": false,
            "is_promotion": 0,
            "sale_point_msg": [
              [
                "",
                ""
              ],
              [
                "",
                ""
              ]
            ],
            "activity": [],
            "is_presale": 0,
            "presale_delivery_date_display": "",
            "is_gift": 0,
            "is_onion": 0,
            "is_invoice": 1,
            "sub_list": [],
            "badge_img": "",
            "is_vod": true,
            "stock_number": 6,
            "today_stockout": "",
            "is_booking": 0
          },
          {
            "id": "5c905088ca2034756e13f651",
            "product_name": "英九龙魔芋丝结 200g",
            "name": "英九龙魔芋丝结 200g",
            "origin_price": "5.80",
            "price": "5.80",
            "vip_price": "",
            "spec": "顺滑白嫩 滋溜一口~",
            "small_image": "https://img.ddimg.mobi/product/3026310b8eecf1552962093798.jpg!deliver.product.list",
            "category_id": "5b0fefb3846c2eae7f8c4733",
            "sizes": [],
            "total_sales": 7974,
            "month_sales": 0,
            "buy_limit": 0,
            "mark_discount": 0,
            "mark_new": 0,
            "mark_self": 0,
            "status": 1,
            "category_path": "58f9d233936edfe3568b5655,5b0fefb3846c2eae7f8c4733",
            "type": 0,
            "stockout_reserved": false,
            "is_promotion": 0,
            "sale_point_msg": [],
            "activity": [],
            "is_presale": 0,
            "presale_delivery_date_display": "",
            "is_gift": 0,
            "is_onion": 0,
            "is_invoice": 1,
            "sub_list": [],
            "badge_img": "",
            "is_vod": false,
            "stock_number": 4,
            "today_stockout": "",
            "is_booking": 0
          },
          {
            "id": "5ae2c90ac0a1ea08558b45e5",
            "product_name": "汉康绿豆粉皮 220g/袋",
            "name": "汉康绿豆粉皮 220g/袋",
            "origin_price": "5.90",
            "price": "5.90",
            "vip_price": "",
            "spec": "滋溜 在口中滑出新滋味",
            "small_image": "https://ddimg.ddxq.mobi/447ae17ac62541526989032501.jpg!maicai.product.list",
            "category_id": "5b0fefb3846c2eae7f8c4733",
            "sizes": [],
            "total_sales": 8201,
            "month_sales": 0,
            "buy_limit": 0,
            "mark_discount": 0,
            "mark_new": 0,
            "mark_self": 0,
            "status": 1,
            "category_path": "58f9d233936edfe3568b5655,5b0fefb3846c2eae7f8c4733",
            "type": 0,
            "stockout_reserved": false,
            "is_promotion": 0,
            "sale_point_msg": [
              [
                "",
                ""
              ],
              [
                "",
                ""
              ]
            ],
            "activity": [],
            "is_presale": 0,
            "presale_delivery_date_display": "",
            "is_gift": 0,
            "is_onion": 0,
            "is_invoice": 1,
            "sub_list": [],
            "badge_img": "",
            "is_vod": false,
            "stock_number": 2,
            "today_stockout": "",
            "is_booking": 0
          },
          {
            "id": "5b2a2f92c0a1ea05698b5782",
            "product_name": "旭洋薄百页 100g/袋",
            "name": "旭洋薄百页 100g/袋",
            "origin_price": "3.90",
            "price": "3.90",
            "vip_price": "",
            "spec": "薄薄的一层衣裳 一碗百叶包一咬就爆汁",
            "small_image": "https://ddimg.ddxq.mobi/9174af0aa12a31529573314530.jpg!maicai.product.list",
            "category_id": "58fbf518936edfe4568b598f",
            "sizes": [],
            "total_sales": 8837,
            "month_sales": 0,
            "buy_limit": 0,
            "mark_discount": 0,
            "mark_new": 0,
            "mark_self": 0,
            "status": 1,
            "category_path": "58f9d233936edfe3568b5655,58fbf518936edfe4568b598f",
            "type": 0,
            "stockout_reserved": false,
            "is_promotion": 0,
            "sale_point_msg": [
              [
                "",
                ""
              ],
              [
                "",
                ""
              ]
            ],
            "activity": [],
            "is_presale": 0,
            "presale_delivery_date_display": "",
            "is_gift": 0,
            "is_onion": 0,
            "is_invoice": 1,
            "sub_list": [],
            "badge_img": "",
            "is_vod": false,
            "stock_number": 3,
            "today_stockout": "可订明日",
            "is_booking": 1
          }
        ]
      },
      {
        "id": "5a65c7b8846c2e94038d13e0",
        "name": "鸡鸭血",
        "products": [{
            "id": "5bf4ddba716de100468c785f",
            "product_name": "艺杏鸭血（银荣） 435g/盒",
            "name": "艺杏鸭血（银荣） 435g/盒",
            "origin_price": "3.90",
            "price": "3.90",
            "vip_price": "",
            "spec": "火锅里怎么能少了我",
            "small_image": "https://img.ddimg.mobi/product/bf8c64fb956441543472667365.jpg!maicai.product.list",
            "category_id": "5b0ff20d06752ead258bbb49",
            "sizes": [],
            "total_sales": 8805,
            "month_sales": 0,
            "buy_limit": 0,
            "mark_discount": 0,
            "mark_new": 0,
            "mark_self": 0,
            "status": 1,
            "category_path": "58f9e531936edfe5568b5747,5b0ff20d06752ead258bbb49",
            "type": 0,
            "stockout_reserved": false,
            "is_promotion": 0,
            "sale_point_msg": [
              [
                "",
                ""
              ],
              [
                "",
                ""
              ]
            ],
            "activity": [],
            "is_presale": 0,
            "presale_delivery_date_display": "",
            "is_gift": 0,
            "is_onion": 0,
            "is_invoice": 1,
            "sub_list": [],
            "badge_img": "",
            "is_vod": false,
            "stock_number": 1,
            "today_stockout": "",
            "is_booking": 0
          },
          {
            "id": "58c40ce3936edf38323f06e7",
            "product_name": "沪尚鸭血 360g/盒",
            "name": "沪尚鸭血 360g/盒",
            "origin_price": "3.90",
            "price": "3.90",
            "vip_price": "",
            "spec": "盒装鸭血 Q弹有韧性 人体清道夫",
            "small_image": "https://img.ddimg.mobi/product/0756d9b94e1fd1548236284999.jpg!deliver.product.list",
            "category_id": "5b0ff20d06752ead258bbb49",
            "sizes": [],
            "total_sales": 8973,
            "month_sales": 0,
            "buy_limit": 0,
            "mark_discount": 0,
            "mark_new": 0,
            "mark_self": 0,
            "status": 1,
            "category_path": "58f9e531936edfe5568b5747,5b0ff20d06752ead258bbb49",
            "type": 0,
            "stockout_reserved": false,
            "is_promotion": 0,
            "sale_point_msg": [
              [
                "",
                ""
              ],
              [
                "",
                ""
              ]
            ],
            "activity": [],
            "is_presale": 0,
            "presale_delivery_date_display": "",
            "is_gift": 0,
            "is_onion": 0,
            "is_invoice": 1,
            "sub_list": [],
            "badge_img": "",
            "is_vod": false,
            "stock_number": 22,
            "today_stockout": "",
            "is_booking": 0
          }
        ]
      },
      {
        "id": "5a1597f1936edf4712920366",
        "name": "其他",
        "products": [{
            "id": "58f0532c936edffb31466cb4",
            "product_name": "清美五两素鸡 250g/袋",
            "name": "清美五两素鸡 250g/袋",
            "origin_price": "5.80",
            "price": "5.80",
            "vip_price": "",
            "spec": "以素仿荤 风味独特",
            "small_image": "https://img.ddimg.mobi/product/cfb56ac5174781558682716005.jpg!deliver.product.list",
            "category_id": "58fbf518936edfe4568b598f",
            "sizes": [],
            "total_sales": 8921,
            "month_sales": 0,
            "buy_limit": 0,
            "mark_discount": 0,
            "mark_new": 0,
            "mark_self": 0,
            "status": 1,
            "category_path": "58f9d233936edfe3568b5655,58fbf518936edfe4568b598f",
            "type": 0,
            "stockout_reserved": false,
            "is_promotion": 0,
            "sale_point_msg": [
              [
                "",
                ""
              ],
              [
                "",
                ""
              ]
            ],
            "activity": [],
            "is_presale": 0,
            "presale_delivery_date_display": "",
            "is_gift": 0,
            "is_onion": 0,
            "is_invoice": 1,
            "sub_list": [],
            "badge_img": "",
            "is_vod": false,
            "stock_number": 5,
            "today_stockout": "",
            "is_booking": 0
          },
          {
            "id": "5c1a25d7716de1e77d8b82d0",
            "product_name": "旭洋传统烤麸 250g/袋",
            "name": "旭洋传统烤麸 250g/袋",
            "origin_price": "5.50",
            "price": "5.50",
            "vip_price": "",
            "spec": "来一碗四喜烤麸",
            "small_image": "https://img.ddimg.mobi/product/d0ed62e9e7e341553052875529.jpg!deliver.product.list",
            "category_id": "58fea535936edfe5568b6798",
            "sizes": [],
            "total_sales": 7846,
            "month_sales": 0,
            "buy_limit": 0,
            "mark_discount": 0,
            "mark_new": 0,
            "mark_self": 0,
            "status": 1,
            "category_path": "58f9d233936edfe3568b5655,58fea535936edfe5568b6798",
            "type": 0,
            "stockout_reserved": false,
            "is_promotion": 0,
            "sale_point_msg": [],
            "activity": [],
            "is_presale": 0,
            "presale_delivery_date_display": "",
            "is_gift": 0,
            "is_onion": 0,
            "is_invoice": 1,
            "sub_list": [],
            "badge_img": "",
            "is_vod": false,
            "stock_number": 2,
            "today_stockout": "",
            "is_booking": 0
          },
          {
            "id": "5a4c86fc6ec2c4193d8b4580",
            "product_name": "汉康无锡小油面筋 50g/袋",
            "name": "汉康无锡小油面筋 50g/袋",
            "origin_price": "3.99",
            "price": "3.99",
            "vip_price": "",
            "spec": "火锅必备小面筋",
            "small_image": "https://ddimg.ddxq.mobi/46eafed149dce1514977349481.JPG!maicai.product.list",
            "category_id": "5ae98a07846c2e1b3d8b6341",
            "sizes": [],
            "total_sales": 8572,
            "month_sales": 0,
            "buy_limit": 0,
            "mark_discount": 0,
            "mark_new": 0,
            "mark_self": 0,
            "status": 1,
            "category_path": "58f9d233936edfe3568b5655,5ae98a07846c2e1b3d8b6341",
            "type": 0,
            "stockout_reserved": false,
            "is_promotion": 0,
            "sale_point_msg": [
              [
                "",
                ""
              ],
              [
                "",
                ""
              ]
            ],
            "activity": [],
            "is_presale": 0,
            "presale_delivery_date_display": "",
            "is_gift": 0,
            "is_onion": 0,
            "is_invoice": 1,
            "sub_list": [],
            "badge_img": "",
            "is_vod": false,
            "stock_number": 2,
            "today_stockout": "",
            "is_booking": 0
          },
          {
            "id": "58d360cc916edfd94cc649fd",
            "product_name": "清美油面筋（大） 75g/袋",
            "name": "清美油面筋（大） 75g/袋",
            "origin_price": "5.90",
            "price": "5.90",
            "vip_price": "",
            "spec": "面筋软糯有嚼劲 久煮不烂",
            "small_image": "https://img.ddimg.mobi/product/b0b2fb9ae99c31548235170790.jpg!deliver.product.list",
            "category_id": "5ae98a07846c2e1b3d8b6341",
            "sizes": [],
            "total_sales": 8824,
            "month_sales": 0,
            "buy_limit": 0,
            "mark_discount": 0,
            "mark_new": 0,
            "mark_self": 0,
            "status": 1,
            "category_path": "58f9d233936edfe3568b5655,5ae98a07846c2e1b3d8b6341",
            "type": 0,
            "stockout_reserved": false,
            "is_promotion": 0,
            "sale_point_msg": [
              [
                "",
                ""
              ],
              [
                "",
                ""
              ]
            ],
            "activity": [],
            "is_presale": 0,
            "presale_delivery_date_display": "",
            "is_gift": 0,
            "is_onion": 0,
            "is_invoice": 1,
            "sub_list": [],
            "badge_img": "",
            "is_vod": false,
            "stock_number": 5,
            "today_stockout": "",
            "is_booking": 0
          },
          {
            "id": "5bf4dca5716de100468c771f",
            "product_name": "艺杏扬州干丝 250g/袋",
            "name": "艺杏扬州干丝 250g/袋",
            "origin_price": "6.50",
            "price": "6.50",
            "vip_price": "",
            "spec": "我可是扬州特色名菜的主角",
            "small_image": "https://img.ddimg.mobi/product/aef433384840d1543472103814.jpg!maicai.product.list",
            "category_id": "58fbf583936edfe4568b59a1",
            "sizes": [],
            "total_sales": 8604,
            "month_sales": 0,
            "buy_limit": 0,
            "mark_discount": 0,
            "mark_new": 0,
            "mark_self": 0,
            "status": 1,
            "category_path": "58f9d233936edfe3568b5655,58fbf583936edfe4568b59a1",
            "type": 0,
            "stockout_reserved": false,
            "is_promotion": 0,
            "sale_point_msg": [
              [
                "",
                ""
              ],
              [
                "",
                ""
              ]
            ],
            "activity": [],
            "is_presale": 0,
            "presale_delivery_date_display": "",
            "is_gift": 0,
            "is_onion": 0,
            "is_invoice": 1,
            "sub_list": [],
            "badge_img": "",
            "is_vod": false,
            "stock_number": 3,
            "today_stockout": "",
            "is_booking": 0
          },
          {
            "id": "598c3920936edf4e628e3d9f",
            "product_name": "功德林素鲍鱼 210g/袋",
            "name": "功德林素鲍鱼 210g/袋",
            "origin_price": "9.90",
            "price": "9.90",
            "vip_price": "",
            "spec": "冷冻素鲍鱼 弹嫩柔滑 清淡鲜美",
            "small_image": "https://ddimg.ddxq.mobi/ff9e13091502361660229.jpg!maicai.product.list",
            "category_id": "58fea535936edfe5568b6798",
            "sizes": [],
            "total_sales": 7958,
            "month_sales": 0,
            "buy_limit": 0,
            "mark_discount": 0,
            "mark_new": 0,
            "mark_self": 0,
            "status": 1,
            "category_path": "58f9d233936edfe3568b5655,58fea535936edfe5568b6798",
            "type": 0,
            "stockout_reserved": false,
            "is_promotion": 0,
            "sale_point_msg": [
              [
                "",
                ""
              ],
              [
                "",
                ""
              ]
            ],
            "activity": [],
            "is_presale": 0,
            "presale_delivery_date_display": "",
            "is_gift": 0,
            "is_onion": 0,
            "is_invoice": 1,
            "sub_list": [],
            "badge_img": "",
            "is_vod": false,
            "stock_number": 3,
            "today_stockout": "",
            "is_booking": 0
          },
          {
            "id": "5b56a83dc0a1eaef368b57eb",
            "product_name": "清美水晶冰爽 230g/杯",
            "name": "清美水晶冰爽 230g/杯",
            "origin_price": "2.50",
            "price": "2.50",
            "vip_price": "",
            "spec": "薄荷味果冻 冰凉滑进你心~",
            "small_image": "https://img.ddimg.mobi/product/b2ebee1b48f791557990736871.jpg!deliver.product.list",
            "category_id": "58fea535936edfe5568b6798",
            "sizes": [],
            "total_sales": 7901,
            "month_sales": 0,
            "buy_limit": 0,
            "mark_discount": 0,
            "mark_new": 0,
            "mark_self": 0,
            "status": 1,
            "category_path": "58f9d233936edfe3568b5655,58fea535936edfe5568b6798",
            "type": 0,
            "stockout_reserved": false,
            "is_promotion": 0,
            "sale_point_msg": [
              [
                "",
                ""
              ],
              [
                "",
                ""
              ]
            ],
            "activity": [],
            "is_presale": 0,
            "presale_delivery_date_display": "",
            "is_gift": 0,
            "is_onion": 0,
            "is_invoice": 1,
            "sub_list": [],
            "badge_img": "",
            "is_vod": false,
            "stock_number": 2,
            "today_stockout": "",
            "is_booking": 0
          }
        ]
      },
      {
        "id": "stock_no",
        "name": "缺货商品",
        "products": [{
            "id": "5d0a01deb0055a0b4b17e12c",
            "product_name": "沈师傅鸡蛋干 100g",
            "name": "沈师傅鸡蛋干 100g",
            "origin_price": "4.80",
            "price": "4.80",
            "vip_price": "",
            "spec": "鸡蛋做成干 口感弹嫩 细腻顺滑",
            "small_image": "https://img.ddimg.mobi/product/f71c702154d561560937084829.jpg!deliver.product.list",
            "category_id": "58fbf528936edfe6568b5ad7",
            "sizes": [],
            "total_sales": 7119,
            "month_sales": 0,
            "buy_limit": 0,
            "mark_discount": 0,
            "mark_new": 0,
            "mark_self": 0,
            "status": 1,
            "category_path": "58f9d233936edfe3568b5655,58fbf528936edfe6568b5ad7",
            "type": 0,
            "stockout_reserved": false,
            "is_promotion": 0,
            "sale_point_msg": [],
            "activity": [],
            "is_presale": 0,
            "presale_delivery_date_display": "",
            "is_gift": 0,
            "is_onion": 0,
            "is_invoice": 1,
            "sub_list": [],
            "badge_img": "",
            "is_vod": false,
            "stock_number": 0,
            "today_stockout": "",
            "is_booking": 0
          },
          {
            "id": "5d10aee57cdbf00b537414db",
            "product_name": "宽豆皮 150g",
            "name": "宽豆皮 150g",
            "origin_price": "4.50",
            "price": "4.50",
            "vip_price": "",
            "spec": "火锅清炒凉拌 我样样都行~",
            "small_image": "https://img.ddimg.mobi/product/0982531225bd91562032625720.jpg!deliver.product.list",
            "category_id": "58fbf518936edfe4568b598f",
            "sizes": [],
            "total_sales": 6475,
            "month_sales": 0,
            "buy_limit": 0,
            "mark_discount": 0,
            "mark_new": 0,
            "mark_self": 0,
            "status": 1,
            "category_path": "58f9d233936edfe3568b5655,58fbf518936edfe4568b598f",
            "type": 0,
            "stockout_reserved": false,
            "is_promotion": 0,
            "sale_point_msg": [],
            "activity": [],
            "is_presale": 0,
            "presale_delivery_date_display": "",
            "is_gift": 0,
            "is_onion": 0,
            "is_invoice": 1,
            "sub_list": [],
            "badge_img": "",
            "is_vod": false,
            "stock_number": 0,
            "today_stockout": "",
            "is_booking": 0
          },
          {
            "id": "5a9e3bedc0a1ea50298b45e5",
            "product_name": "清美鸡蛋干 120g/袋",
            "name": "清美鸡蛋干 120g/袋",
            "origin_price": "5.90",
            "price": "5.90",
            "vip_price": "",
            "spec": "弹润Q弹 口感营养高于传统豆干哦",
            "small_image": "https://img.ddimg.mobi/product/62c0b3329ed1a1558681837500.jpg!deliver.product.list",
            "category_id": "58fea535936edfe5568b6798",
            "sizes": [],
            "total_sales": 8631,
            "month_sales": 0,
            "buy_limit": 0,
            "mark_discount": 0,
            "mark_new": 0,
            "mark_self": 0,
            "status": 1,
            "category_path": "58f9d233936edfe3568b5655,58fea535936edfe5568b6798",
            "type": 0,
            "stockout_reserved": false,
            "is_promotion": 0,
            "sale_point_msg": [
              [
                "",
                ""
              ],
              [
                "",
                ""
              ]
            ],
            "activity": [],
            "is_presale": 0,
            "presale_delivery_date_display": "",
            "is_gift": 0,
            "is_onion": 0,
            "is_invoice": 1,
            "sub_list": [],
            "badge_img": "",
            "is_vod": false,
            "stock_number": 0,
            "today_stockout": "",
            "is_booking": 0
          }
        ]
      }
    ],
    "ad_info": {},
    "cache_life_time": 0
  },
  "server_time": 1565085445
}