{
  "success": true,
  "code": 0,
  "msg": "ok",
  "data": {
    "ad_id": "1100",
    "cate": [{
      "id": "category_recommend",
      "name": "推荐",
      "products": [{
        "id": "5aefbe0cc0a1ea016b8b47a0",
        "product_name": "多乐氏竹签 250mm*50只\/袋",
        "name": "多乐氏竹签 250mm*50只\/袋",
        "origin_price": "4.90",
        "price": "3.50",
        "vip_price": "",
        "spec": "表面光滑无毛刺 烧烤必备",
        "small_image": "http:\/\/ddimg.ddxq.mobi\/fbbbbfad82a271525760534354.jpg!maicai.product.list",
        "category_id": "58f9e5cc936edfe6568b5897",
        "sizes": [],
        "total_sales": 7797,
        "month_sales": 0,
        "buy_limit": 0,
        "mark_discount": 0,
        "mark_new": 0,
        "mark_self": 0,
        "status": 1,
        "category_path": "58f9e5cc936edfe6568b5897",
        "type": 0,
        "stockout_reserved": false,
        "is_promotion": 0,
        "sale_point_msg": [
          ["", ""],
          ["", ""]
        ],
        "activity": [{
          "type": 6,
          "type_name": "特价",
          "tag": "限时特惠"
        }],
        "is_presale": 0,
        "presale_delivery_date_display": "",
        "is_gift": 0,
        "is_onion": 0,
        "is_invoice": 1,
        "sub_list": [],
        "badge_img": "",
        "is_vod": false,
        "oid": 6054,
        "stock_number": 11,
        "today_stockout": "",
        "is_booking": 0
      }]
    }, {
      "id": "59673130936edfca528bf6e2",
      "name": "厨房用纸",
      "products": [{
        "id": "5afc1505c0a1eabc6e8b45ba",
        "product_name": "维达超韧系列纸面巾家庭装 130抽*6\/袋",
        "name": "维达超韧系列纸面巾家庭装 130抽*6\/袋",
        "origin_price": "22.80",
        "price": "22.80",
        "vip_price": "",
        "spec": "人气小S码 3层 130抽 湿水不易破",
        "small_image": "http:\/\/ddimg.ddxq.mobi\/562d52ead80ee1532573147955.jpg!maicai.product.list",
        "category_id": "58f9e5cc936edfe6568b5897",
        "sizes": [],
        "total_sales": 10562,
        "month_sales": 0,
        "buy_limit": 0,
        "mark_discount": 0,
        "mark_new": 0,
        "mark_self": 0,
        "status": 1,
        "category_path": "58f9e5cc936edfe6568b5897",
        "type": 0,
        "stockout_reserved": false,
        "is_promotion": 0,
        "sale_point_msg": [
          ["", ""],
          ["", ""]
        ],
        "activity": [],
        "is_presale": 0,
        "presale_delivery_date_display": "",
        "is_gift": 0,
        "is_onion": 0,
        "is_invoice": 1,
        "sub_list": [],
        "badge_img": "",
        "is_vod": false,
        "oid": 6171,
        "stock_number": 6,
        "today_stockout": "",
        "is_booking": 0
      }, {
        "id": "58f81ebc916edf2f4dcb68b6",
        "product_name": "维达超韧系列纸面巾 130抽\/包",
        "name": "维达超韧系列纸面巾 130抽\/包",
        "origin_price": "4.90",
        "price": "4.90",
        "vip_price": "",
        "spec": "人气小S码 超韧细密 湿水不易破",
        "small_image": "http:\/\/ddimg.ddxq.mobi\/e66496081691c1492420154145.jpg!maicai.product.list",
        "category_id": "58f9e5cc936edfe6568b5897",
        "sizes": [],
        "total_sales": 10535,
        "month_sales": 0,
        "buy_limit": 0,
        "mark_discount": 0,
        "mark_new": 0,
        "mark_self": 0,
        "status": 1,
        "category_path": "58f9e5cc936edfe6568b5897",
        "type": 0,
        "stockout_reserved": false,
        "is_promotion": 0,
        "sale_point_msg": [
          ["", ""],
          ["", ""]
        ],
        "activity": [],
        "is_presale": 0,
        "presale_delivery_date_display": "",
        "is_gift": 0,
        "is_onion": 0,
        "is_invoice": 1,
        "sub_list": [],
        "badge_img": "",
        "is_vod": false,
        "oid": 1389,
        "stock_number": 44,
        "today_stockout": "",
        "is_booking": 0
      }, {
        "id": "58f81e7f916edff84ccbc8fd",
        "product_name": "心相印厨房专用纸巾 2卷\/袋",
        "name": "心相印厨房专用纸巾 2卷\/袋",
        "origin_price": "12.90",
        "price": "12.90",
        "vip_price": "",
        "spec": "厨房专用纸巾 吸油锁水 好擦免洗",
        "small_image": "http:\/\/ddimg.ddxq.mobi\/7f217caa69f961494498332291.jpg!maicai.product.list",
        "category_id": "58f9e5cc936edfe6568b5897",
        "sizes": [],
        "total_sales": 10047,
        "month_sales": 0,
        "buy_limit": 0,
        "mark_discount": 0,
        "mark_new": 0,
        "mark_self": 0,
        "status": 1,
        "category_path": "58f9e5cc936edfe6568b5897",
        "type": 0,
        "stockout_reserved": false,
        "is_promotion": 0,
        "sale_point_msg": [
          ["", ""],
          ["", ""]
        ],
        "activity": [],
        "is_presale": 0,
        "presale_delivery_date_display": "",
        "is_gift": 0,
        "is_onion": 0,
        "is_invoice": 1,
        "sub_list": [],
        "badge_img": "",
        "is_vod": false,
        "oid": 1388,
        "stock_number": 4,
        "today_stockout": "",
        "is_booking": 0
      }]
    }, {
      "id": "596730bb936edf5e038bbe52",
      "name": "保鲜袋",
      "products": [{
        "id": "58f6dbef936edf3132497f1e",
        "product_name": "妙洁PE保鲜膜 30米\/盒(送15米)",
        "name": "妙洁PE保鲜膜 30米\/盒(送15米)",
        "origin_price": "13.80",
        "price": "13.80",
        "vip_price": "",
        "spec": "30cm*30m 新老包装交替中",
        "small_image": "http:\/\/img.ddimg.mobi\/product\/8b879d9d2055f1566468782058.jpg!deliver.product.list",
        "category_id": "58f9e5cc936edfe6568b5897",
        "sizes": [],
        "total_sales": 10210,
        "month_sales": 0,
        "buy_limit": 0,
        "mark_discount": 0,
        "mark_new": 0,
        "mark_self": 0,
        "status": 1,
        "category_path": "58f9e5cc936edfe6568b5897",
        "type": 0,
        "stockout_reserved": false,
        "is_promotion": 0,
        "sale_point_msg": [
          ["", ""],
          ["", ""]
        ],
        "activity": [],
        "is_presale": 0,
        "presale_delivery_date_display": "",
        "is_gift": 0,
        "is_onion": 0,
        "is_invoice": 1,
        "sub_list": [],
        "badge_img": "",
        "is_vod": false,
        "oid": 1377,
        "stock_number": 7,
        "today_stockout": "",
        "is_booking": 0
      }, {
        "id": "58cbd986916edf534dc5127e",
        "product_name": "妙洁增厚保鲜袋（大号） 50只\/袋",
        "name": "妙洁增厚保鲜袋（大号） 50只\/袋",
        "origin_price": "5.00",
        "price": "5.00",
        "vip_price": "",
        "spec": "35cm*25cm 抽取式食品用保鲜袋",
        "small_image": "http:\/\/img.ddimg.mobi\/product\/4d9e85ddf42f1560761718337.jpg!deliver.product.list",
        "category_id": "58f9e5cc936edfe6568b5897",
        "sizes": [],
        "total_sales": 10158,
        "month_sales": 0,
        "buy_limit": 0,
        "mark_discount": 0,
        "mark_new": 0,
        "mark_self": 0,
        "status": 1,
        "category_path": "58f9e5cc936edfe6568b5897",
        "type": 0,
        "stockout_reserved": false,
        "is_promotion": 0,
        "sale_point_msg": [
          ["", ""],
          ["", ""]
        ],
        "activity": [],
        "is_presale": 0,
        "presale_delivery_date_display": "",
        "is_gift": 0,
        "is_onion": 0,
        "is_invoice": 1,
        "sub_list": [],
        "badge_img": "",
        "is_vod": false,
        "oid": 429,
        "stock_number": 11,
        "today_stockout": "",
        "is_booking": 0
      }, {
        "id": "58cbd96d916edfcb4cc56be1",
        "product_name": "妙洁增厚保鲜袋（中号） 70只\/袋",
        "name": "妙洁增厚保鲜袋（中号） 70只\/袋",
        "origin_price": "5.00",
        "price": "5.00",
        "vip_price": "",
        "spec": "30cm*20cm 抽取式食品用保鲜袋",
        "small_image": "http:\/\/img.ddimg.mobi\/product\/e48bfd37d22591560761666525.jpg!deliver.product.list",
        "category_id": "58f9e5cc936edfe6568b5897",
        "sizes": [],
        "total_sales": 10294,
        "month_sales": 0,
        "buy_limit": 0,
        "mark_discount": 0,
        "mark_new": 0,
        "mark_self": 0,
        "status": 1,
        "category_path": "58f9e5cc936edfe6568b5897",
        "type": 0,
        "stockout_reserved": false,
        "is_promotion": 0,
        "sale_point_msg": [
          ["", ""],
          ["", ""]
        ],
        "activity": [],
        "is_presale": 0,
        "presale_delivery_date_display": "",
        "is_gift": 0,
        "is_onion": 0,
        "is_invoice": 1,
        "sub_list": [],
        "badge_img": "",
        "is_vod": false,
        "oid": 428,
        "stock_number": 10,
        "today_stockout": "",
        "is_booking": 0
      }, {
        "id": "58cbd959916edfc64cc54301",
        "product_name": "妙洁增厚保鲜袋（小号） 100只\/袋",
        "name": "妙洁增厚保鲜袋（小号） 100只\/袋",
        "origin_price": "5.00",
        "price": "5.00",
        "vip_price": "",
        "spec": "25cm*17cm 抽取式食品用保鲜袋",
        "small_image": "http:\/\/img.ddimg.mobi\/product\/db688b3c8dfdc1560761574042.jpg!deliver.product.list",
        "category_id": "58f9e5cc936edfe6568b5897",
        "sizes": [],
        "total_sales": 9918,
        "month_sales": 0,
        "buy_limit": 0,
        "mark_discount": 0,
        "mark_new": 0,
        "mark_self": 0,
        "status": 1,
        "category_path": "58f9e5cc936edfe6568b5897",
        "type": 0,
        "stockout_reserved": false,
        "is_promotion": 0,
        "sale_point_msg": [
          ["", ""],
          ["", ""]
        ],
        "activity": [],
        "is_presale": 0,
        "presale_delivery_date_display": "",
        "is_gift": 0,
        "is_onion": 0,
        "is_invoice": 1,
        "sub_list": [],
        "badge_img": "",
        "is_vod": false,
        "oid": 427,
        "stock_number": 13,
        "today_stockout": "",
        "is_booking": 0
      }]
    }, {
      "id": "596730ed936edf60578d4ac6",
      "name": "家用电池",
      "products": [{
        "id": "590c60f0936edf787a8dfa38",
        "product_name": "南孚5号碱性电池 2粒装",
        "name": "南孚5号碱性电池 2粒装",
        "origin_price": "6.00",
        "price": "6.00",
        "vip_price": "",
        "spec": "相信持久的力量~",
        "small_image": "http:\/\/ddimg.ddxq.mobi\/7938573001a2b1499150863361.jpg!maicai.product.list",
        "category_id": "58f9e5cc936edfe6568b5897",
        "sizes": [],
        "total_sales": 9771,
        "month_sales": 0,
        "buy_limit": 0,
        "mark_discount": 0,
        "mark_new": 0,
        "mark_self": 0,
        "status": 1,
        "category_path": "58f9e5cc936edfe6568b5897",
        "type": 0,
        "stockout_reserved": false,
        "is_promotion": 0,
        "sale_point_msg": [
          ["", ""],
          ["", ""]
        ],
        "activity": [],
        "is_presale": 0,
        "presale_delivery_date_display": "",
        "is_gift": 0,
        "is_onion": 0,
        "is_invoice": 1,
        "sub_list": [],
        "badge_img": "",
        "is_vod": false,
        "oid": 2216,
        "stock_number": 10,
        "today_stockout": "",
        "is_booking": 0
      }, {
        "id": "595b39b5936edf526f8bbc18",
        "product_name": "南孚7号碱性电池 2粒装",
        "name": "南孚7号碱性电池 2粒装",
        "origin_price": "6.50",
        "price": "6.50",
        "vip_price": "",
        "spec": "碱性电池 安全无汞环保 电量持久",
        "small_image": "http:\/\/ddimg.ddxq.mobi\/c6d8919a1895c1499151013704.jpg!maicai.product.list",
        "category_id": "58f9e5cc936edfe6568b5897",
        "sizes": [],
        "total_sales": 9654,
        "month_sales": 0,
        "buy_limit": 0,
        "mark_discount": 0,
        "mark_new": 0,
        "mark_self": 0,
        "status": 1,
        "category_path": "58f9e5cc936edfe6568b5897",
        "type": 0,
        "stockout_reserved": false,
        "is_promotion": 0,
        "sale_point_msg": [
          ["", ""],
          ["", ""]
        ],
        "activity": [],
        "is_presale": 0,
        "presale_delivery_date_display": "",
        "is_gift": 0,
        "is_onion": 0,
        "is_invoice": 1,
        "sub_list": [],
        "badge_img": "",
        "is_vod": false,
        "oid": 3102,
        "stock_number": 8,
        "today_stockout": "",
        "is_booking": 0
      }]
    }, {
      "id": "59673081936edf407d8cba09",
      "name": "清洁用品",
      "products": [{
        "id": "58f6d97b936edf0032499a97",
        "product_name": "白猫柠檬红茶洗洁精 500g\/瓶",
        "name": "白猫柠檬红茶洗洁精 500g\/瓶",
        "origin_price": "4.80",
        "price": "4.80",
        "vip_price": "",
        "spec": "双手和餐具 油腻去无踪",
        "small_image": "http:\/\/ddimg.ddxq.mobi\/1c589590ed8271492400622407.jpg!maicai.product.list",
        "category_id": "58f9e5cc936edfe6568b5897",
        "sizes": [],
        "total_sales": 10702,
        "month_sales": 0,
        "buy_limit": 0,
        "mark_discount": 0,
        "mark_new": 0,
        "mark_self": 0,
        "status": 1,
        "category_path": "58f9e5cc936edfe6568b5897",
        "type": 0,
        "stockout_reserved": false,
        "is_promotion": 0,
        "sale_point_msg": [
          ["", ""],
          ["", ""]
        ],
        "activity": [],
        "is_presale": 0,
        "presale_delivery_date_display": "",
        "is_gift": 0,
        "is_onion": 0,
        "is_invoice": 1,
        "sub_list": [],
        "badge_img": "",
        "is_vod": false,
        "oid": 1386,
        "stock_number": 19,
        "today_stockout": "",
        "is_booking": 0
      }, {
        "id": "5a39df686ec2c4016b8b4598",
        "product_name": "妙洁垃圾袋（黑色大号）24只\/卷",
        "name": "妙洁垃圾袋（黑色大号）24只\/卷",
        "origin_price": "7.90",
        "price": "7.90",
        "vip_price": "",
        "spec": "50cm*60cm容量大 韧性强",
        "small_image": "http:\/\/img.ddimg.mobi\/product\/590dabc2b77991560761474642.jpg!deliver.product.list",
        "category_id": "58f9e5cc936edfe6568b5897",
        "sizes": [],
        "total_sales": 9473,
        "month_sales": 0,
        "buy_limit": 0,
        "mark_discount": 0,
        "mark_new": 0,
        "mark_self": 0,
        "status": 1,
        "category_path": "58f9e5cc936edfe6568b5897",
        "type": 0,
        "stockout_reserved": false,
        "is_promotion": 0,
        "sale_point_msg": [
          ["", ""],
          ["", ""]
        ],
        "activity": [],
        "is_presale": 0,
        "presale_delivery_date_display": "",
        "is_gift": 0,
        "is_onion": 0,
        "is_invoice": 1,
        "sub_list": [],
        "badge_img": "",
        "is_vod": false,
        "oid": 4678,
        "stock_number": 4,
        "today_stockout": "",
        "is_booking": 0
      }, {
        "id": "5acacdb1c0a1eadb358b45df",
        "product_name": "妙洁一次性手套 30只\/袋",
        "name": "妙洁一次性手套 30只\/袋",
        "origin_price": "3.50",
        "price": "3.50",
        "vip_price": "",
        "spec": "抽取式PE材质 野炊烧烤必备",
        "small_image": "http:\/\/ddimg.ddxq.mobi\/fa2648871523246132126.jpg!maicai.product.list",
        "category_id": "58f9e5cc936edfe6568b5897",
        "sizes": [],
        "total_sales": 9497,
        "month_sales": 0,
        "buy_limit": 0,
        "mark_discount": 0,
        "mark_new": 0,
        "mark_self": 0,
        "status": 1,
        "category_path": "58f9e5cc936edfe6568b5897",
        "type": 0,
        "stockout_reserved": false,
        "is_promotion": 0,
        "sale_point_msg": [
          ["", ""],
          ["", ""]
        ],
        "activity": [],
        "is_presale": 0,
        "presale_delivery_date_display": "",
        "is_gift": 0,
        "is_onion": 0,
        "is_invoice": 1,
        "sub_list": [],
        "badge_img": "",
        "is_vod": false,
        "oid": 5671,
        "stock_number": 8,
        "today_stockout": "",
        "is_booking": 0
      }, {
        "id": "58f6db7c936edf6a3248467c",
        "product_name": "妙洁海绵百洁布 2片\/袋",
        "name": "妙洁海绵百洁布 2片\/袋",
        "origin_price": "5.40",
        "price": "5.40",
        "vip_price": "",
        "spec": "吸水性强 轻松去污",
        "small_image": "http:\/\/img.ddimg.mobi\/product\/a345fba2de2871560761130261.jpg!deliver.product.list",
        "category_id": "58f9e5cc936edfe6568b5897",
        "sizes": [],
        "total_sales": 9983,
        "month_sales": 0,
        "buy_limit": 0,
        "mark_discount": 0,
        "mark_new": 0,
        "mark_self": 0,
        "status": 1,
        "category_path": "58f9e5cc936edfe6568b5897",
        "type": 0,
        "stockout_reserved": false,
        "is_promotion": 0,
        "sale_point_msg": [
          ["", ""],
          ["", ""]
        ],
        "activity": [],
        "is_presale": 0,
        "presale_delivery_date_display": "",
        "is_gift": 0,
        "is_onion": 0,
        "is_invoice": 1,
        "sub_list": [],
        "badge_img": "",
        "is_vod": false,
        "oid": 1378,
        "stock_number": 11,
        "today_stockout": "",
        "is_booking": 0
      }, {
        "id": "58f6db2c936edf5d3248a991",
        "product_name": "妙洁金柔百洁布 2片\/袋",
        "name": "妙洁金柔百洁布 2片\/袋",
        "origin_price": "3.90",
        "price": "3.90",
        "vip_price": "",
        "spec": "不沾油污 不留刮痕",
        "small_image": "http:\/\/img.ddimg.mobi\/product\/12c496e06d7ca1560761020482.jpg!deliver.product.list",
        "category_id": "58f9e5cc936edfe6568b5897",
        "sizes": [],
        "total_sales": 9568,
        "month_sales": 0,
        "buy_limit": 0,
        "mark_discount": 0,
        "mark_new": 0,
        "mark_self": 0,
        "status": 1,
        "category_path": "58f9e5cc936edfe6568b5897",
        "type": 0,
        "stockout_reserved": false,
        "is_promotion": 0,
        "sale_point_msg": [
          ["", ""],
          ["", ""]
        ],
        "activity": [],
        "is_presale": 0,
        "presale_delivery_date_display": "",
        "is_gift": 0,
        "is_onion": 0,
        "is_invoice": 1,
        "sub_list": [],
        "badge_img": "",
        "is_vod": false,
        "oid": 1379,
        "stock_number": 3,
        "today_stockout": "",
        "is_booking": 0
      }, {
        "id": "58f6da5a936edf253248f7f1",
        "product_name": "妙洁金属钢丝球 1只\/袋",
        "name": "妙洁金属钢丝球 1只\/袋",
        "origin_price": "3.00",
        "price": "3.00",
        "vip_price": "",
        "spec": "拥有我 方便你",
        "small_image": "http:\/\/ddimg.ddxq.mobi\/bb944a021497255992964.jpg!maicai.product.list",
        "category_id": "58f9e5cc936edfe6568b5897",
        "sizes": [],
        "total_sales": 9990,
        "month_sales": 0,
        "buy_limit": 0,
        "mark_discount": 0,
        "mark_new": 0,
        "mark_self": 0,
        "status": 1,
        "category_path": "58f9e5cc936edfe6568b5897",
        "type": 0,
        "stockout_reserved": false,
        "is_promotion": 0,
        "sale_point_msg": [
          ["", ""],
          ["", ""]
        ],
        "activity": [],
        "is_presale": 0,
        "presale_delivery_date_display": "",
        "is_gift": 0,
        "is_onion": 0,
        "is_invoice": 1,
        "sub_list": [],
        "badge_img": "",
        "is_vod": false,
        "oid": 1382,
        "stock_number": 14,
        "today_stockout": "",
        "is_booking": 0
      }, {
        "id": "58f81e17916edf124dcb7b87",
        "product_name": "妙洁棉柔抹布 3片\/袋",
        "name": "妙洁棉柔抹布 3片\/袋",
        "origin_price": "8.60",
        "price": "8.60",
        "vip_price": "",
        "spec": "优质纤维 吸水去污 不沾油 不掉毛",
        "small_image": "http:\/\/img.ddimg.mobi\/product\/8ae1e7ba01e7a1560761267092.jpg!deliver.product.list",
        "category_id": "58f9e5cc936edfe6568b5897",
        "sizes": [],
        "total_sales": 9842,
        "month_sales": 0,
        "buy_limit": 0,
        "mark_discount": 0,
        "mark_new": 0,
        "mark_self": 0,
        "status": 1,
        "category_path": "58f9e5cc936edfe6568b5897",
        "type": 0,
        "stockout_reserved": false,
        "is_promotion": 0,
        "sale_point_msg": [
          ["", ""],
          ["", ""]
        ],
        "activity": [],
        "is_presale": 0,
        "presale_delivery_date_display": "",
        "is_gift": 0,
        "is_onion": 0,
        "is_invoice": 1,
        "sub_list": [],
        "badge_img": "",
        "is_vod": false,
        "oid": 1353,
        "stock_number": 7,
        "today_stockout": "",
        "is_booking": 0
      }, {
        "id": "5acacb9dc0a1eadb358b459f",
        "product_name": "妙洁一次性桌布（大号） 8张\/袋",
        "name": "妙洁一次性桌布（大号） 8张\/袋",
        "origin_price": "7.90",
        "price": "7.90",
        "vip_price": "",
        "spec": "正方形设计 白色、红色随机发货",
        "small_image": "http:\/\/img.ddimg.mobi\/product\/597de98a72b2b1560761344043.jpg!deliver.product.list",
        "category_id": "58f9e5cc936edfe6568b5897",
        "sizes": [],
        "total_sales": 8779,
        "month_sales": 0,
        "buy_limit": 0,
        "mark_discount": 0,
        "mark_new": 0,
        "mark_self": 0,
        "status": 1,
        "category_path": "58f9e5cc936edfe6568b5897",
        "type": 0,
        "stockout_reserved": false,
        "is_promotion": 0,
        "sale_point_msg": [
          ["", ""],
          ["", ""]
        ],
        "activity": [],
        "is_presale": 0,
        "presale_delivery_date_display": "",
        "is_gift": 0,
        "is_onion": 0,
        "is_invoice": 1,
        "sub_list": [],
        "badge_img": "",
        "is_vod": false,
        "oid": 5669,
        "stock_number": 10,
        "today_stockout": "",
        "is_booking": 0
      }, {
        "id": "5a2607216ec2c4c7468b458f",
        "product_name": "德国进口菲洛施柠檬浓缩餐具洗洁液 750ml\/瓶",
        "name": "德国进口菲洛施柠檬浓缩餐具洗洁液 750ml\/瓶",
        "origin_price": "39.90",
        "price": "39.90",
        "vip_price": "",
        "spec": "低泡易冲洗 无残留",
        "small_image": "http:\/\/img.ddimg.mobi\/product\/9a01eb5c452041563338092186.jpg!deliver.product.list",
        "category_id": "58f9e5cc936edfe6568b5897",
        "sizes": [],
        "total_sales": 8173,
        "month_sales": 0,
        "buy_limit": 0,
        "mark_discount": 0,
        "mark_new": 0,
        "mark_self": 0,
        "status": 1,
        "category_path": "58f9e5cc936edfe6568b5897",
        "type": 0,
        "stockout_reserved": false,
        "is_promotion": 0,
        "sale_point_msg": [
          ["", ""],
          ["", ""]
        ],
        "activity": [],
        "is_presale": 0,
        "presale_delivery_date_display": "",
        "is_gift": 0,
        "is_onion": 0,
        "is_invoice": 1,
        "sub_list": [],
        "badge_img": "",
        "is_vod": false,
        "oid": 4513,
        "stock_number": 1,
        "today_stockout": "",
        "is_booking": 0
      }, {
        "id": "58cbd905916edf264dc527dc",
        "product_name": "蓝月亮芦荟洗手液 500g\/瓶",
        "name": "蓝月亮芦荟洗手液 500g\/瓶",
        "origin_price": "13.90",
        "price": "13.90",
        "vip_price": "",
        "spec": "抑菌更滋润的洗手液",
        "small_image": "http:\/\/img.ddimg.mobi\/product\/20b1a02d6b8651565939686483.jpg!deliver.product.list",
        "category_id": "58f9e5cc936edfe6568b5897",
        "sizes": [],
        "total_sales": 7092,
        "month_sales": 0,
        "buy_limit": 0,
        "mark_discount": 0,
        "mark_new": 0,
        "mark_self": 0,
        "status": 1,
        "category_path": "58f9e5cc936edfe6568b5897",
        "type": 0,
        "stockout_reserved": false,
        "is_promotion": 0,
        "sale_point_msg": [
          ["", ""],
          ["", ""]
        ],
        "activity": [],
        "is_presale": 0,
        "presale_delivery_date_display": "",
        "is_gift": 0,
        "is_onion": 0,
        "is_invoice": 1,
        "sub_list": [],
        "badge_img": "",
        "is_vod": false,
        "oid": 423,
        "stock_number": 5,
        "today_stockout": "",
        "is_booking": 0
      }, {
        "id": "5d5655f67cdbf030fd52f47f",
        "product_name": "开米果蔬清洗剂（柠檬香） 400g\/瓶",
        "name": "开米果蔬清洗剂（柠檬香） 400g\/瓶",
        "origin_price": "22.90",
        "price": "22.90",
        "vip_price": "",
        "spec": "你的厨房好帮手~",
        "small_image": "http:\/\/img.ddimg.mobi\/product\/3bbcdeaa336681565939266398.jpg!deliver.product.list",
        "category_id": "58f9e5cc936edfe6568b5897",
        "sizes": [],
        "total_sales": 5522,
        "month_sales": 0,
        "buy_limit": 0,
        "mark_discount": 0,
        "mark_new": 0,
        "mark_self": 0,
        "status": 1,
        "category_path": "58f9e5cc936edfe6568b5897",
        "type": 0,
        "stockout_reserved": false,
        "is_promotion": 0,
        "sale_point_msg": [],
        "activity": [],
        "is_presale": 0,
        "presale_delivery_date_display": "",
        "is_gift": 0,
        "is_onion": 0,
        "is_invoice": 1,
        "sub_list": [],
        "badge_img": "",
        "is_vod": false,
        "oid": 13998,
        "stock_number": 2,
        "today_stockout": "",
        "is_booking": 0
      }, {
        "id": "5d5a7bd8b0055a0b4f3e614e",
        "product_name": "妙洁加韧耐用平底垃圾袋大号 60只",
        "name": "妙洁加韧耐用平底垃圾袋大号 60只",
        "origin_price": "13.90",
        "price": "13.90",
        "vip_price": "",
        "spec": "50cm*60cm容量大 韧性强",
        "small_image": "http:\/\/img.ddimg.mobi\/product\/a21ee5cd7fce21568783660114.jpg!deliver.product.list",
        "category_id": "58f9e5cc936edfe6568b5897",
        "sizes": [],
        "total_sales": 7334,
        "month_sales": 0,
        "buy_limit": 0,
        "mark_discount": 0,
        "mark_new": 0,
        "mark_self": 0,
        "status": 1,
        "category_path": "58f9e5cc936edfe6568b5897",
        "type": 0,
        "stockout_reserved": false,
        "is_promotion": 0,
        "sale_point_msg": [],
        "activity": [],
        "is_presale": 0,
        "presale_delivery_date_display": "",
        "is_gift": 0,
        "is_onion": 0,
        "is_invoice": 1,
        "sub_list": [],
        "badge_img": "",
        "is_vod": false,
        "oid": 14184,
        "stock_number": 9,
        "today_stockout": "",
        "is_booking": 0
      }, {
        "id": "5d5a916bb0055a0b615004bb",
        "product_name": "威猛先生重油污清洁剂 (柠檬味）500g+420g",
        "name": "威猛先生重油污清洁剂 (柠檬味）500g+420g",
        "origin_price": "25.90",
        "price": "25.90",
        "vip_price": "",
        "spec": "天然活性清洁成分",
        "small_image": "http:\/\/img.ddimg.mobi\/product\/12ef2ee5b8c6e1566216591442.jpg!deliver.product.list",
        "category_id": "58f9e5cc936edfe6568b5897",
        "sizes": [],
        "total_sales": 6858,
        "month_sales": 0,
        "buy_limit": 0,
        "mark_discount": 0,
        "mark_new": 0,
        "mark_self": 0,
        "status": 1,
        "category_path": "58f9e5cc936edfe6568b5897",
        "type": 0,
        "stockout_reserved": false,
        "is_promotion": 0,
        "sale_point_msg": [],
        "activity": [],
        "is_presale": 0,
        "presale_delivery_date_display": "",
        "is_gift": 0,
        "is_onion": 0,
        "is_invoice": 1,
        "sub_list": [],
        "badge_img": "",
        "is_vod": false,
        "oid": 14195,
        "stock_number": 3,
        "today_stockout": "",
        "is_booking": 0
      }]
    }, {
      "id": "596732ab936edf9b7a8cdf61",
      "name": "其它",
      "products": [{
        "id": "5aefb099c0a1ea016b8b45d2",
        "product_name": "得惠精装竹牙签 400支\/罐",
        "name": "得惠精装竹牙签 400支\/罐",
        "origin_price": "4.90",
        "price": "4.90",
        "vip_price": "",
        "spec": "签头无毛刺 不易伤牙龈",
        "small_image": "http:\/\/ddimg.ddxq.mobi\/35ddc5164d5881525760595693.jpg!maicai.product.list",
        "category_id": "58f9e5cc936edfe6568b5897",
        "sizes": [],
        "total_sales": 9554,
        "month_sales": 0,
        "buy_limit": 0,
        "mark_discount": 0,
        "mark_new": 0,
        "mark_self": 0,
        "status": 1,
        "category_path": "58f9e5cc936edfe6568b5897",
        "type": 0,
        "stockout_reserved": false,
        "is_promotion": 0,
        "sale_point_msg": [
          ["", ""],
          ["", ""]
        ],
        "activity": [],
        "is_presale": 0,
        "presale_delivery_date_display": "",
        "is_gift": 0,
        "is_onion": 0,
        "is_invoice": 1,
        "sub_list": [],
        "badge_img": "",
        "is_vod": false,
        "oid": 6043,
        "stock_number": 9,
        "today_stockout": "",
        "is_booking": 0
      }, {
        "id": "5aefbe0cc0a1ea016b8b47a0",
        "product_name": "多乐氏竹签 250mm*50只\/袋",
        "name": "多乐氏竹签 250mm*50只\/袋",
        "origin_price": "4.90",
        "price": "3.50",
        "vip_price": "",
        "spec": "表面光滑无毛刺 烧烤必备",
        "small_image": "http:\/\/ddimg.ddxq.mobi\/fbbbbfad82a271525760534354.jpg!maicai.product.list",
        "category_id": "58f9e5cc936edfe6568b5897",
        "sizes": [],
        "total_sales": 7797,
        "month_sales": 0,
        "buy_limit": 0,
        "mark_discount": 0,
        "mark_new": 0,
        "mark_self": 0,
        "status": 1,
        "category_path": "58f9e5cc936edfe6568b5897",
        "type": 0,
        "stockout_reserved": false,
        "is_promotion": 0,
        "sale_point_msg": [
          ["", ""],
          ["", ""]
        ],
        "activity": [{
          "type": 6,
          "type_name": "特价",
          "tag": "限时特惠"
        }],
        "is_presale": 0,
        "presale_delivery_date_display": "",
        "is_gift": 0,
        "is_onion": 0,
        "is_invoice": 1,
        "sub_list": [],
        "badge_img": "",
        "is_vod": false,
        "oid": 6054,
        "stock_number": 11,
        "today_stockout": "",
        "is_booking": 0
      }, {
        "id": "5b3b018bc0a1ea173b8b6ca6",
        "product_name": "叮咚定制水果勺1个",
        "name": "叮咚定制水果勺1个",
        "origin_price": "9.90",
        "price": "9.90",
        "vip_price": "",
        "spec": "叮咚定制 两种款式 随机派送~",
        "small_image": "http:\/\/ddimg.ddxq.mobi\/06e1ae05616691531060871652.jpg!maicai.product.list",
        "category_id": "58f9e5cc936edfe6568b5897",
        "sizes": [],
        "total_sales": 8550,
        "month_sales": 0,
        "buy_limit": 0,
        "mark_discount": 0,
        "mark_new": 0,
        "mark_self": 0,
        "status": 1,
        "category_path": "58f9e5cc936edfe6568b5897",
        "type": 0,
        "stockout_reserved": false,
        "is_promotion": 0,
        "sale_point_msg": [
          ["", ""],
          ["", ""]
        ],
        "activity": [],
        "is_presale": 0,
        "presale_delivery_date_display": "",
        "is_gift": 0,
        "is_onion": 0,
        "is_invoice": 1,
        "sub_list": [],
        "badge_img": "",
        "is_vod": false,
        "oid": 6637,
        "stock_number": 61,
        "today_stockout": "",
        "is_booking": 0
      }, {
        "id": "5aefb295c0a1ea016b8b461d",
        "product_name": "新鲜生活一次性餐碗 500ml*10\/袋",
        "name": "新鲜生活一次性餐碗 500ml*10\/袋",
        "origin_price": "9.90",
        "price": "9.90",
        "vip_price": "",
        "spec": "加厚材质 耐热性好",
        "small_image": "http:\/\/ddimg.ddxq.mobi\/f9f8df9dd5fa31525677370275.jpg!maicai.product.list",
        "category_id": "58f9e5cc936edfe6568b5897",
        "sizes": [],
        "total_sales": 8603,
        "month_sales": 0,
        "buy_limit": 0,
        "mark_discount": 0,
        "mark_new": 0,
        "mark_self": 0,
        "status": 1,
        "category_path": "58f9e5cc936edfe6568b5897",
        "type": 0,
        "stockout_reserved": false,
        "is_promotion": 0,
        "sale_point_msg": [
          ["", ""],
          ["", ""]
        ],
        "activity": [],
        "is_presale": 0,
        "presale_delivery_date_display": "",
        "is_gift": 0,
        "is_onion": 0,
        "is_invoice": 1,
        "sub_list": [],
        "badge_img": "",
        "is_vod": false,
        "oid": 6045,
        "stock_number": 3,
        "today_stockout": "",
        "is_booking": 0
      }, {
        "id": "5b1f9cf2c0a1ea2c4a8b568c",
        "product_name": "清清美一次性蒸笼纸直径23cm 8片装",
        "name": "清清美一次性蒸笼纸直径23cm 8片装",
        "origin_price": "4.90",
        "price": "4.90",
        "vip_price": "",
        "spec": "防油防水不粘 干净环保",
        "small_image": "http:\/\/ddimg.ddxq.mobi\/92ab48b36a6821528940503666.jpg!maicai.product.list",
        "category_id": "58f9e5cc936edfe6568b5897",
        "sizes": [],
        "total_sales": 9349,
        "month_sales": 0,
        "buy_limit": 0,
        "mark_discount": 0,
        "mark_new": 0,
        "mark_self": 0,
        "status": 1,
        "category_path": "58f9e5cc936edfe6568b5897",
        "type": 0,
        "stockout_reserved": false,
        "is_promotion": 0,
        "sale_point_msg": [
          ["", ""],
          ["", ""]
        ],
        "activity": [],
        "is_presale": 0,
        "presale_delivery_date_display": "",
        "is_gift": 0,
        "is_onion": 0,
        "is_invoice": 1,
        "sub_list": [],
        "badge_img": "",
        "is_vod": false,
        "oid": 6429,
        "stock_number": 9,
        "today_stockout": "",
        "is_booking": 0
      }, {
        "id": "5aefaef8c0a1ea016b8b4596",
        "product_name": "妙洁厚质铝箔 8米\/盒",
        "name": "妙洁厚质铝箔 8米\/盒",
        "origin_price": "13.90",
        "price": "13.90",
        "vip_price": "",
        "spec": "质地柔软 烹饪佳肴好搭档",
        "small_image": "http:\/\/img.ddimg.mobi\/product\/6918e9d7dfeef1566468712114.jpg!deliver.product.list",
        "category_id": "58f9e5cc936edfe6568b5897",
        "sizes": [],
        "total_sales": 9195,
        "month_sales": 0,
        "buy_limit": 0,
        "mark_discount": 0,
        "mark_new": 0,
        "mark_self": 0,
        "status": 1,
        "category_path": "58f9e5cc936edfe6568b5897",
        "type": 0,
        "stockout_reserved": false,
        "is_promotion": 0,
        "sale_point_msg": [
          ["", ""],
          ["", ""]
        ],
        "activity": [],
        "is_presale": 0,
        "presale_delivery_date_display": "",
        "is_gift": 0,
        "is_onion": 0,
        "is_invoice": 1,
        "sub_list": [],
        "badge_img": "",
        "is_vod": false,
        "oid": 6041,
        "stock_number": 6,
        "today_stockout": "",
        "is_booking": 0
      }, {
        "id": "5aefaf5cc0a1ea016b8b45a4",
        "product_name": "妙洁COOL酷杯一次性塑料杯 240ml*50\/袋",
        "name": "妙洁COOL酷杯一次性塑料杯 240ml*50\/袋",
        "origin_price": "7.50",
        "price": "7.50",
        "vip_price": "",
        "spec": "50只装 增厚设计 杯身圆润美观（新老包装随机发货）",
        "small_image": "http:\/\/img.ddimg.mobi\/product\/8e9521e5eb7481567396655661.jpg!deliver.product.list",
        "category_id": "58f9e5cc936edfe6568b5897",
        "sizes": [],
        "total_sales": 9217,
        "month_sales": 0,
        "buy_limit": 0,
        "mark_discount": 0,
        "mark_new": 0,
        "mark_self": 0,
        "status": 1,
        "category_path": "58f9e5cc936edfe6568b5897",
        "type": 0,
        "stockout_reserved": false,
        "is_promotion": 0,
        "sale_point_msg": [
          ["", ""],
          ["", ""]
        ],
        "activity": [],
        "is_presale": 0,
        "presale_delivery_date_display": "",
        "is_gift": 0,
        "is_onion": 0,
        "is_invoice": 1,
        "sub_list": [],
        "badge_img": "",
        "is_vod": false,
        "oid": 6042,
        "stock_number": 6,
        "today_stockout": "",
        "is_booking": 0
      }, {
        "id": "5aefb176c0a1ea016b8b45e0",
        "product_name": "新鲜生活可弯吸管 50只\/袋",
        "name": "新鲜生活可弯吸管 50只\/袋",
        "origin_price": "3.90",
        "price": "3.90",
        "vip_price": "",
        "spec": "可弯曲 PP材质软硬适中",
        "small_image": "http:\/\/ddimg.ddxq.mobi\/127ed1be1c2b91525674766586.jpg!maicai.product.list",
        "category_id": "58f9e5cc936edfe6568b5897",
        "sizes": [],
        "total_sales": 8934,
        "month_sales": 0,
        "buy_limit": 0,
        "mark_discount": 0,
        "mark_new": 0,
        "mark_self": 0,
        "status": 1,
        "category_path": "58f9e5cc936edfe6568b5897",
        "type": 0,
        "stockout_reserved": false,
        "is_promotion": 0,
        "sale_point_msg": [
          ["", ""],
          ["", ""]
        ],
        "activity": [],
        "is_presale": 0,
        "presale_delivery_date_display": "",
        "is_gift": 0,
        "is_onion": 0,
        "is_invoice": 1,
        "sub_list": [],
        "badge_img": "",
        "is_vod": false,
        "oid": 6044,
        "stock_number": 6,
        "today_stockout": "",
        "is_booking": 0
      }, {
        "id": "58f81e5a916edfe44ccb873d",
        "product_name": "邦迪防水创可贴 5片\/包",
        "name": "邦迪防水创可贴 5片\/包",
        "origin_price": "5.80",
        "price": "5.80",
        "vip_price": "",
        "spec": "防水阻菌 加速愈合",
        "small_image": "http:\/\/ddimg.ddxq.mobi\/550827f2f42921492850825320.png!maicai.product.list",
        "category_id": "58f9e5cc936edfe6568b5897",
        "sizes": [],
        "total_sales": 9585,
        "month_sales": 0,
        "buy_limit": 0,
        "mark_discount": 0,
        "mark_new": 0,
        "mark_self": 0,
        "status": 1,
        "category_path": "58f9e5cc936edfe6568b5897",
        "type": 0,
        "stockout_reserved": false,
        "is_promotion": 0,
        "sale_point_msg": [
          ["", ""],
          ["", ""]
        ],
        "activity": [],
        "is_presale": 0,
        "presale_delivery_date_display": "",
        "is_gift": 0,
        "is_onion": 0,
        "is_invoice": 1,
        "sub_list": [],
        "badge_img": "",
        "is_vod": false,
        "oid": 1387,
        "stock_number": 11,
        "today_stockout": "",
        "is_booking": 0
      }, {
        "id": "5aefb32dc0a1ea016b8b463b",
        "product_name": "新鲜生活一次性餐盘 230mm*10\/袋",
        "name": "新鲜生活一次性餐盘 230mm*10\/袋",
        "origin_price": "12.90",
        "price": "12.90",
        "vip_price": "",
        "spec": "可自然降解 方便环保",
        "small_image": "http:\/\/ddimg.ddxq.mobi\/6cff7c14b2f791525678958333.jpg!maicai.product.list",
        "category_id": "58f9e5cc936edfe6568b5897",
        "sizes": [],
        "total_sales": 8174,
        "month_sales": 0,
        "buy_limit": 0,
        "mark_discount": 0,
        "mark_new": 0,
        "mark_self": 0,
        "status": 1,
        "category_path": "58f9e5cc936edfe6568b5897",
        "type": 0,
        "stockout_reserved": false,
        "is_promotion": 0,
        "sale_point_msg": [
          ["", ""],
          ["", ""]
        ],
        "activity": [],
        "is_presale": 0,
        "presale_delivery_date_display": "",
        "is_gift": 0,
        "is_onion": 0,
        "is_invoice": 1,
        "sub_list": [],
        "badge_img": "",
        "is_vod": false,
        "oid": 6046,
        "stock_number": 6,
        "today_stockout": "",
        "is_booking": 0
      }, {
        "id": "5a0959556ec2c46f028b4582",
        "product_name": "核桃夹",
        "name": "核桃夹",
        "origin_price": "2.00",
        "price": "2.00",
        "vip_price": "",
        "spec": "轻松剥核桃 又快又好！",
        "small_image": "http:\/\/ddimg.ddxq.mobi\/452d0adbec10c1511422819092.jpg!maicai.product.list",
        "category_id": "59a7d16d916edfaf2ac1b409",
        "sizes": [],
        "total_sales": 7907,
        "month_sales": 0,
        "buy_limit": 0,
        "mark_discount": 0,
        "mark_new": 0,
        "mark_self": 0,
        "status": 1,
        "category_path": "59a7d16d916edfaf2ac1b409",
        "type": 0,
        "stockout_reserved": false,
        "is_promotion": 0,
        "sale_point_msg": [
          ["", ""],
          ["", ""]
        ],
        "activity": [],
        "is_presale": 0,
        "presale_delivery_date_display": "",
        "is_gift": 0,
        "is_onion": 0,
        "is_invoice": 0,
        "sub_list": [],
        "badge_img": "",
        "is_vod": false,
        "oid": 4235,
        "stock_number": 9,
        "today_stockout": "",
        "is_booking": 0
      }, {
        "id": "58f6daaa936edf4f32489813",
        "product_name": "妙洁纸杯超值装 50只\/袋（228ml）",
        "name": "妙洁纸杯超值装 50只\/袋（228ml）",
        "origin_price": "10.90",
        "price": "10.90",
        "vip_price": "",
        "spec": "杯身挺阔不易变形",
        "small_image": "http:\/\/img.ddimg.mobi\/product\/934ef7edce9d91566216924105.png!deliver.product.list",
        "category_id": "58f9e5cc936edfe6568b5897",
        "sizes": [],
        "total_sales": 5361,
        "month_sales": 0,
        "buy_limit": 0,
        "mark_discount": 0,
        "mark_new": 0,
        "mark_self": 0,
        "status": 1,
        "category_path": "58f9e5cc936edfe6568b5897",
        "type": 0,
        "stockout_reserved": false,
        "is_promotion": 0,
        "sale_point_msg": [
          ["", ""],
          ["", ""]
        ],
        "activity": [],
        "is_presale": 0,
        "presale_delivery_date_display": "",
        "is_gift": 0,
        "is_onion": 0,
        "is_invoice": 1,
        "sub_list": [],
        "badge_img": "",
        "is_vod": false,
        "oid": 1929,
        "stock_number": 2,
        "today_stockout": "",
        "is_booking": 0
      }]
    }],
    "ad_info": {},
    "cache_life_time": 0
  },
  "server_time": 1569232249
}