{
  "success": true,
  "code": 0,
  "msg": "ok",
  "data": {
    "ad_id": "1121",
    "cate": [{
      "id": "category_recommend",
      "name": "推荐",
      "products": [{
        "id": "5b7e5437c0a1ea1a0c8b7411",
        "product_name": "海潮寿司海苔(十枚） 28g\/袋",
        "name": "海潮寿司海苔(十枚） 28g\/袋",
        "origin_price": "16.80",
        "price": "12.90",
        "vip_price": "",
        "spec": "海苔包饭~",
        "small_image": "http:\/\/img.ddimg.mobi\/product\/b8f80020c377a1548407962392.jpg!deliver.product.list",
        "category_id": "58fb3b36936edfc0408b5863",
        "sizes": [],
        "total_sales": 8387,
        "month_sales": 0,
        "buy_limit": 0,
        "mark_discount": 0,
        "mark_new": 0,
        "mark_self": 0,
        "status": 1,
        "category_path": "58f9e593936edfe5568b575b,58fb3b36936edfc0408b5863",
        "type": 0,
        "stockout_reserved": false,
        "is_promotion": 0,
        "sale_point_msg": [
          ["", ""],
          ["", ""]
        ],
        "activity": [{
          "type": 6,
          "type_name": "特价",
          "tag": "限时特惠"
        }],
        "is_presale": 0,
        "presale_delivery_date_display": "",
        "is_gift": 0,
        "is_onion": 0,
        "is_invoice": 1,
        "sub_list": [],
        "badge_img": "",
        "is_vod": false,
        "oid": 7352,
        "stock_number": 3,
        "today_stockout": "",
        "is_booking": 0
      }, {
        "id": "5bc5cabe716de1a94f8b725d",
        "product_name": "绿帝冬菇 100g\/袋",
        "name": "绿帝冬菇 100g\/袋",
        "origin_price": "31.90",
        "price": "24.90",
        "vip_price": "",
        "spec": "都说我矮胖矮胖 有内涵 新老包装随机发~",
        "small_image": "http:\/\/img.ddimg.mobi\/product\/89aade22e33ed1546833017948.jpg!maicai.product.list",
        "category_id": "58fb3b36936edfc0408b5863",
        "sizes": [],
        "total_sales": 8263,
        "month_sales": 0,
        "buy_limit": 0,
        "mark_discount": 0,
        "mark_new": 0,
        "mark_self": 0,
        "status": 1,
        "category_path": "58f9e593936edfe5568b575b,58fb3b36936edfc0408b5863",
        "type": 0,
        "stockout_reserved": false,
        "is_promotion": 0,
        "sale_point_msg": [
          ["", ""],
          ["", ""]
        ],
        "activity": [{
          "type": 6,
          "type_name": "特价",
          "tag": "限时特惠"
        }],
        "is_presale": 0,
        "presale_delivery_date_display": "",
        "is_gift": 0,
        "is_onion": 0,
        "is_invoice": 1,
        "sub_list": [],
        "badge_img": "",
        "is_vod": false,
        "oid": 7997,
        "stock_number": 6,
        "today_stockout": "",
        "is_booking": 0
      }, {
        "id": "5cb599f72b12be5f03704fb2",
        "product_name": "食味的初相冻干柠檬片 30g\/袋",
        "name": "食味的初相冻干柠檬片 30g\/袋",
        "origin_price": "9.90",
        "price": "7.90",
        "vip_price": "",
        "spec": "冻干工艺，维C丰富，添加蜂蜜，一片超满足~",
        "small_image": "http:\/\/img.ddimg.mobi\/product\/c75c1f686d7ee1555405375697.jpg!deliver.product.list",
        "category_id": "58fb3b2a936edfe5568b58f7",
        "sizes": [],
        "total_sales": 6793,
        "month_sales": 0,
        "buy_limit": 0,
        "mark_discount": 0,
        "mark_new": 0,
        "mark_self": 0,
        "status": 1,
        "category_path": "58f9e593936edfe5568b575b,58fb3b2a936edfe5568b58f7",
        "type": 0,
        "stockout_reserved": false,
        "is_promotion": 0,
        "sale_point_msg": [],
        "activity": [{
          "type": 6,
          "type_name": "特价",
          "tag": "限时特惠"
        }],
        "is_presale": 0,
        "presale_delivery_date_display": "",
        "is_gift": 0,
        "is_onion": 0,
        "is_invoice": 1,
        "sub_list": [],
        "badge_img": "",
        "is_vod": false,
        "oid": 10107,
        "stock_number": 3,
        "today_stockout": "",
        "is_booking": 0
      }]
    }, {
      "id": "5900572a916edf47288b6183",
      "name": "粉条粉丝",
      "products": [{
        "id": "5be1d244716de100468c0b14",
        "product_name": "龙须牌红薯宽粉 300g\/袋",
        "name": "龙须牌红薯宽粉 300g\/袋",
        "origin_price": "9.90",
        "price": "9.90",
        "vip_price": "8.40",
        "spec": "我要一碗炖粉条！",
        "small_image": "http:\/\/img.ddimg.mobi\/product\/b0554f7dc392f1545278015297.png!maicai.product.list",
        "category_id": "58fb3b5b936edfe5568b58fd",
        "sizes": [],
        "total_sales": 9813,
        "month_sales": 0,
        "buy_limit": 0,
        "mark_discount": 0,
        "mark_new": 0,
        "mark_self": 0,
        "status": 1,
        "category_path": "58f9e593936edfe5568b575b,58fb3b5b936edfe5568b58fd",
        "type": 0,
        "stockout_reserved": false,
        "is_promotion": 0,
        "sale_point_msg": [
          ["", ""],
          ["", ""]
        ],
        "activity": [],
        "is_presale": 0,
        "presale_delivery_date_display": "",
        "is_gift": 0,
        "is_onion": 0,
        "is_invoice": 1,
        "sub_list": [],
        "badge_img": "",
        "is_vod": false,
        "oid": 8238,
        "stock_number": 9,
        "today_stockout": "",
        "is_booking": 0
      }, {
        "id": "5bc0e3a5716de1a94f8b4fa5",
        "product_name": "龙须牌红薯粉条 300g\/袋",
        "name": "龙须牌红薯粉条 300g\/袋",
        "origin_price": "9.90",
        "price": "9.90",
        "vip_price": "",
        "spec": "炖粉条 走起~",
        "small_image": "http:\/\/ddimg.ddxq.mobi\/913cadfe829411539522607357.jpg!maicai.product.list",
        "category_id": "58fb3b5b936edfe5568b58fd",
        "sizes": [],
        "total_sales": 9613,
        "month_sales": 0,
        "buy_limit": 0,
        "mark_discount": 0,
        "mark_new": 0,
        "mark_self": 0,
        "status": 1,
        "category_path": "58f9e593936edfe5568b575b,58fb3b5b936edfe5568b58fd",
        "type": 0,
        "stockout_reserved": false,
        "is_promotion": 0,
        "sale_point_msg": [
          ["", ""],
          ["", ""]
        ],
        "activity": [],
        "is_presale": 0,
        "presale_delivery_date_display": "",
        "is_gift": 0,
        "is_onion": 0,
        "is_invoice": 1,
        "sub_list": [],
        "badge_img": "",
        "is_vod": false,
        "oid": 7948,
        "stock_number": 4,
        "today_stockout": "",
        "is_booking": 0
      }, {
        "id": "59957db6936edfdf66920f7a",
        "product_name": "丝宝宝红薯粉条 300g\/袋",
        "name": "丝宝宝红薯粉条 300g\/袋",
        "origin_price": "8.90",
        "price": "8.90",
        "vip_price": "7.90",
        "spec": "做一碗暖心暖胃的猪肉炖粉条吧",
        "small_image": "http:\/\/ddimg.ddxq.mobi\/8bf91dffaae9c1503057920399.jpg!maicai.product.list",
        "category_id": "58fb3b5b936edfe5568b58fd",
        "sizes": [],
        "total_sales": 10092,
        "month_sales": 0,
        "buy_limit": 0,
        "mark_discount": 0,
        "mark_new": 0,
        "mark_self": 0,
        "status": 1,
        "category_path": "58f9e593936edfe5568b575b,58fb3b5b936edfe5568b58fd",
        "type": 0,
        "stockout_reserved": false,
        "is_promotion": 0,
        "sale_point_msg": [
          ["", ""],
          ["", ""]
        ],
        "activity": [],
        "is_presale": 0,
        "presale_delivery_date_display": "",
        "is_gift": 0,
        "is_onion": 0,
        "is_invoice": 1,
        "sub_list": [],
        "badge_img": "",
        "is_vod": false,
        "oid": 3506,
        "stock_number": 6,
        "today_stockout": "",
        "is_booking": 0
      }, {
        "id": "5bc0e358716de1a94f8b4f6a",
        "product_name": "龙须牌龙口粉丝 320g\/袋",
        "name": "龙须牌龙口粉丝 320g\/袋",
        "origin_price": "11.90",
        "price": "11.90",
        "vip_price": "",
        "spec": "经久耐煮 入口劲道",
        "small_image": "http:\/\/ddimg.ddxq.mobi\/4ccbf159a8e231539522895642.jpg!maicai.product.list",
        "category_id": "58fb3b5b936edfe5568b58fd",
        "sizes": [],
        "total_sales": 10198,
        "month_sales": 0,
        "buy_limit": 0,
        "mark_discount": 0,
        "mark_new": 0,
        "mark_self": 0,
        "status": 1,
        "category_path": "58f9e593936edfe5568b575b,58fb3b5b936edfe5568b58fd",
        "type": 0,
        "stockout_reserved": false,
        "is_promotion": 0,
        "sale_point_msg": [
          ["", ""],
          ["", ""]
        ],
        "activity": [],
        "is_presale": 0,
        "presale_delivery_date_display": "",
        "is_gift": 0,
        "is_onion": 0,
        "is_invoice": 1,
        "sub_list": [],
        "badge_img": "",
        "is_vod": false,
        "oid": 7947,
        "stock_number": 6,
        "today_stockout": "",
        "is_booking": 0
      }, {
        "id": "5d02291d10abf114ad21e6e8",
        "product_name": "意桥蕨根粉丝 180g\/袋",
        "name": "意桥蕨根粉丝 180g\/袋",
        "origin_price": "4.90",
        "price": "4.90",
        "vip_price": "",
        "spec": "野生蕨菜的根 提炼出的淀粉 最后做成了我喔~",
        "small_image": "http:\/\/img.ddimg.mobi\/product\/8ecd2bfbecaef1560422874246.jpg!deliver.product.list",
        "category_id": "58fb3b5b936edfe5568b58fd",
        "sizes": [],
        "total_sales": 8584,
        "month_sales": 0,
        "buy_limit": 0,
        "mark_discount": 0,
        "mark_new": 0,
        "mark_self": 0,
        "status": 1,
        "category_path": "58f9e593936edfe5568b575b,58fb3b5b936edfe5568b58fd",
        "type": 0,
        "stockout_reserved": false,
        "is_promotion": 0,
        "sale_point_msg": [],
        "activity": [],
        "is_presale": 0,
        "presale_delivery_date_display": "",
        "is_gift": 0,
        "is_onion": 0,
        "is_invoice": 1,
        "sub_list": [],
        "badge_img": "",
        "is_vod": false,
        "oid": 11169,
        "stock_number": 3,
        "today_stockout": "",
        "is_booking": 0
      }, {
        "id": "59958082936edfea7f92c834",
        "product_name": "春丝江西米粉 1kg\/袋",
        "name": "春丝江西米粉 1kg\/袋",
        "origin_price": "13.90",
        "price": "13.90",
        "vip_price": "",
        "spec": "纯大米制作 劲道爽滑 满口留香",
        "small_image": "http:\/\/ddimg.ddxq.mobi\/e8c5dd2b262061503057856804.jpg!maicai.product.list",
        "category_id": "58fb3b5b936edfe5568b58fd",
        "sizes": [],
        "total_sales": 9616,
        "month_sales": 0,
        "buy_limit": 0,
        "mark_discount": 0,
        "mark_new": 0,
        "mark_self": 0,
        "status": 1,
        "category_path": "58f9e593936edfe5568b575b,58fb3b5b936edfe5568b58fd",
        "type": 0,
        "stockout_reserved": false,
        "is_promotion": 0,
        "sale_point_msg": [
          ["纯大米制作", "绿色天然无添加剂"],
          ["Q弹劲道", "泡发后爽滑有韧劲"]
        ],
        "activity": [],
        "is_presale": 0,
        "presale_delivery_date_display": "",
        "is_gift": 0,
        "is_onion": 0,
        "is_invoice": 1,
        "sub_list": [],
        "badge_img": "",
        "is_vod": false,
        "oid": 3509,
        "stock_number": 5,
        "today_stockout": "",
        "is_booking": 0
      }, {
        "id": "58c7c4ee916edfaf4cc45656",
        "product_name": "双塔龙口粉丝 180g\/袋",
        "name": "双塔龙口粉丝 180g\/袋",
        "origin_price": "8.20",
        "price": "8.20",
        "vip_price": "5.90",
        "spec": "原料含有豌豆、绿豆 口感清爽嫩滑~",
        "small_image": "http:\/\/ddimg.ddxq.mobi\/c61e5fa02f8e31511426889247.jpg!maicai.product.list",
        "category_id": "58fb3b5b936edfe5568b58fd",
        "sizes": [],
        "total_sales": 10612,
        "month_sales": 0,
        "buy_limit": 0,
        "mark_discount": 0,
        "mark_new": 0,
        "mark_self": 0,
        "status": 1,
        "category_path": "58f9e593936edfe5568b575b,58fb3b5b936edfe5568b58fd",
        "type": 0,
        "stockout_reserved": false,
        "is_promotion": 0,
        "sale_point_msg": [
          ["", ""],
          ["", ""]
        ],
        "activity": [],
        "is_presale": 0,
        "presale_delivery_date_display": "",
        "is_gift": 0,
        "is_onion": 0,
        "is_invoice": 1,
        "sub_list": [],
        "badge_img": "",
        "is_vod": false,
        "oid": 1865,
        "stock_number": 12,
        "today_stockout": "",
        "is_booking": 0
      }, {
        "id": "5be91788716de100468c344b",
        "product_name": "河粉 300g\/盒",
        "name": "河粉 300g\/盒",
        "origin_price": "4.80",
        "price": "4.80",
        "vip_price": "",
        "spec": "厚厚滑滑的口感~",
        "small_image": "http:\/\/img.ddimg.mobi\/product\/2b3fbaf820381565687080491.jpg!deliver.product.list",
        "category_id": "58fb3b03936edf89778b57e1",
        "sizes": [],
        "total_sales": 10534,
        "month_sales": 0,
        "buy_limit": 0,
        "mark_discount": 0,
        "mark_new": 0,
        "mark_self": 0,
        "status": 1,
        "category_path": "58f9e58b936edfe2568b580d,58fb3b03936edf89778b57e1",
        "type": 0,
        "stockout_reserved": false,
        "is_promotion": 0,
        "sale_point_msg": [
          ["", ""],
          ["", ""]
        ],
        "activity": [],
        "is_presale": 0,
        "presale_delivery_date_display": "",
        "is_gift": 0,
        "is_onion": 0,
        "is_invoice": 1,
        "sub_list": [],
        "badge_img": "",
        "is_vod": false,
        "oid": 8281,
        "stock_number": 2,
        "today_stockout": "",
        "is_booking": 0
      }]
    }, {
      "id": "59005701916edf49288b6856",
      "name": "干果",
      "products": [{
        "id": "5bc0df4f716de1a94f8b4de9",
        "product_name": "禾煜枸杞王 200g\/袋",
        "name": "禾煜枸杞王 200g\/袋",
        "origin_price": "27.80",
        "price": "27.80",
        "vip_price": "",
        "spec": "新老包装随机发货",
        "small_image": "http:\/\/ddimg.ddxq.mobi\/9524395e4b2511539519366375.jpg!maicai.product.list",
        "category_id": "58fb3b2a936edfe5568b58f7",
        "sizes": [],
        "total_sales": 9115,
        "month_sales": 0,
        "buy_limit": 0,
        "mark_discount": 0,
        "mark_new": 0,
        "mark_self": 0,
        "status": 1,
        "category_path": "58f9e593936edfe5568b575b,58fb3b2a936edfe5568b58f7",
        "type": 0,
        "stockout_reserved": false,
        "is_promotion": 0,
        "sale_point_msg": [
          ["味甘性平 暖暖一杯枸杞茶~", ""],
          ["", ""]
        ],
        "activity": [],
        "is_presale": 0,
        "presale_delivery_date_display": "",
        "is_gift": 0,
        "is_onion": 0,
        "is_invoice": 1,
        "sub_list": [],
        "badge_img": "",
        "is_vod": false,
        "oid": 7943,
        "stock_number": 4,
        "today_stockout": "",
        "is_booking": 0
      }, {
        "id": "595a20ee936edf696a8ee777",
        "product_name": "喜德旺宁夏枸杞 100g\/袋",
        "name": "喜德旺宁夏枸杞 100g\/袋",
        "origin_price": "13.90",
        "price": "13.90",
        "vip_price": "",
        "spec": "午后来一杯暖暖的枸杞茶吧",
        "small_image": "http:\/\/ddimg.ddxq.mobi\/7ec8ea11dec9c1499162975028.jpg!maicai.product.list",
        "category_id": "58fb3b2a936edfe5568b58f7",
        "sizes": [],
        "total_sales": 9665,
        "month_sales": 0,
        "buy_limit": 0,
        "mark_discount": 0,
        "mark_new": 0,
        "mark_self": 0,
        "status": 1,
        "category_path": "58f9e593936edfe5568b575b,58fb3b2a936edfe5568b58f7",
        "type": 0,
        "stockout_reserved": false,
        "is_promotion": 0,
        "sale_point_msg": [
          ["", ""],
          ["", ""]
        ],
        "activity": [],
        "is_presale": 0,
        "presale_delivery_date_display": "",
        "is_gift": 0,
        "is_onion": 0,
        "is_invoice": 1,
        "sub_list": [],
        "badge_img": "",
        "is_vod": false,
        "oid": 3074,
        "stock_number": 8,
        "today_stockout": "",
        "is_booking": 0
      }, {
        "id": "59957a59936edfdf6691f4c1",
        "product_name": "喜德旺新疆红枣 300g\/袋",
        "name": "喜德旺新疆红枣 300g\/袋",
        "origin_price": "15.90",
        "price": "15.90",
        "vip_price": "13.90",
        "spec": "小红枣 宜煮粥 宜煲汤",
        "small_image": "http:\/\/ddimg.ddxq.mobi\/ec205362724b1511074632468.jpg!maicai.product.list",
        "category_id": "58fb3b2a936edfe5568b58f7",
        "sizes": [],
        "total_sales": 9896,
        "month_sales": 0,
        "buy_limit": 0,
        "mark_discount": 0,
        "mark_new": 0,
        "mark_self": 0,
        "status": 1,
        "category_path": "58f9e593936edfe5568b575b,58fb3b2a936edfe5568b58f7",
        "type": 0,
        "stockout_reserved": false,
        "is_promotion": 0,
        "sale_point_msg": [
          ["", ""],
          ["", ""]
        ],
        "activity": [],
        "is_presale": 0,
        "presale_delivery_date_display": "",
        "is_gift": 0,
        "is_onion": 0,
        "is_invoice": 1,
        "sub_list": [],
        "badge_img": "",
        "is_vod": false,
        "oid": 3503,
        "stock_number": 4,
        "today_stockout": "",
        "is_booking": 0
      }, {
        "id": "5bc0e2f4716de1a94f8b4f3d",
        "product_name": "禾煜新疆骏枣 450g\/袋",
        "name": "禾煜新疆骏枣 450g\/袋",
        "origin_price": "18.80",
        "price": "18.80",
        "vip_price": "14.90",
        "spec": "核小肉厚 越吃越红润~",
        "small_image": "http:\/\/img.ddimg.mobi\/product\/0a7dd4a0f00a61563358466767.jpg!deliver.product.list",
        "category_id": "58fb3b2a936edfe5568b58f7",
        "sizes": [],
        "total_sales": 9628,
        "month_sales": 0,
        "buy_limit": 0,
        "mark_discount": 0,
        "mark_new": 0,
        "mark_self": 0,
        "status": 1,
        "category_path": "58f9e593936edfe5568b575b,58fb3b2a936edfe5568b58f7",
        "type": 0,
        "stockout_reserved": false,
        "is_promotion": 0,
        "sale_point_msg": [
          ["", ""],
          ["", ""]
        ],
        "activity": [],
        "is_presale": 0,
        "presale_delivery_date_display": "",
        "is_gift": 0,
        "is_onion": 0,
        "is_invoice": 1,
        "sub_list": [],
        "badge_img": "",
        "is_vod": false,
        "oid": 7946,
        "stock_number": 7,
        "today_stockout": "",
        "is_booking": 0
      }, {
        "id": "58b7d17e916edfb64cc1ebd8",
        "product_name": "禾煜莲子 200g\/袋",
        "name": "禾煜莲子 200g\/袋",
        "origin_price": "39.90",
        "price": "39.90",
        "vip_price": "",
        "spec": "莲子银耳羹 满满胶原蛋白",
        "small_image": "http:\/\/img.ddimg.mobi\/product\/faba6a31ac4a21555404302618.jpg!deliver.product.list",
        "category_id": "58fb3b2a936edfe5568b58f7",
        "sizes": [],
        "total_sales": 8180,
        "month_sales": 0,
        "buy_limit": 0,
        "mark_discount": 0,
        "mark_new": 0,
        "mark_self": 0,
        "status": 1,
        "category_path": "58f9e593936edfe5568b575b,58fb3b2a936edfe5568b58f7",
        "type": 0,
        "stockout_reserved": false,
        "is_promotion": 0,
        "sale_point_msg": [],
        "activity": [],
        "is_presale": 0,
        "presale_delivery_date_display": "",
        "is_gift": 0,
        "is_onion": 0,
        "is_invoice": 1,
        "sub_list": [],
        "badge_img": "",
        "is_vod": false,
        "oid": 74,
        "stock_number": 3,
        "today_stockout": "",
        "is_booking": 0
      }, {
        "id": "5bc5ca83716de1a94f8b7231",
        "product_name": "绿帝桂圆干（3A） 380g\/袋",
        "name": "绿帝桂圆干（3A） 380g\/袋",
        "origin_price": "23.90",
        "price": "23.90",
        "vip_price": "",
        "spec": "壳薄易剥 肉厚核小",
        "small_image": "http:\/\/img.ddimg.mobi\/product\/b676ef61e138a1563360155001.jpg!deliver.product.list",
        "category_id": "58fb3b2a936edfe5568b58f7",
        "sizes": [],
        "total_sales": 8665,
        "month_sales": 0,
        "buy_limit": 0,
        "mark_discount": 0,
        "mark_new": 0,
        "mark_self": 0,
        "status": 1,
        "category_path": "58f9e593936edfe5568b575b,58fb3b2a936edfe5568b58f7",
        "type": 0,
        "stockout_reserved": false,
        "is_promotion": 0,
        "sale_point_msg": [
          ["", ""],
          ["", ""]
        ],
        "activity": [],
        "is_presale": 0,
        "presale_delivery_date_display": "",
        "is_gift": 0,
        "is_onion": 0,
        "is_invoice": 1,
        "sub_list": [],
        "badge_img": "",
        "is_vod": true,
        "oid": 7996,
        "stock_number": 6,
        "today_stockout": "",
        "is_booking": 0
      }, {
        "id": "59082176936edfc57a8cb472",
        "product_name": "禾煜百合干 105g\/罐",
        "name": "禾煜百合干 105g\/罐",
        "origin_price": "19.90",
        "price": "19.90",
        "vip_price": "",
        "spec": "熬粥煲汤常备",
        "small_image": "http:\/\/img.ddimg.mobi\/product\/1511deeb46ae61555405020985.jpg!deliver.product.list",
        "category_id": "58fb3b2a936edfe5568b58f7",
        "sizes": [],
        "total_sales": 8149,
        "month_sales": 0,
        "buy_limit": 0,
        "mark_discount": 0,
        "mark_new": 0,
        "mark_self": 0,
        "status": 1,
        "category_path": "58f9e593936edfe5568b575b,58fb3b2a936edfe5568b58f7",
        "type": 0,
        "stockout_reserved": false,
        "is_promotion": 0,
        "sale_point_msg": [],
        "activity": [],
        "is_presale": 0,
        "presale_delivery_date_display": "",
        "is_gift": 0,
        "is_onion": 0,
        "is_invoice": 1,
        "sub_list": [],
        "badge_img": "",
        "is_vod": false,
        "oid": 2135,
        "stock_number": 4,
        "today_stockout": "",
        "is_booking": 0
      }, {
        "id": "5cb599f72b12be5f03704fb2",
        "product_name": "食味的初相冻干柠檬片 30g\/袋",
        "name": "食味的初相冻干柠檬片 30g\/袋",
        "origin_price": "9.90",
        "price": "7.90",
        "vip_price": "",
        "spec": "冻干工艺，维C丰富，添加蜂蜜，一片超满足~",
        "small_image": "http:\/\/img.ddimg.mobi\/product\/c75c1f686d7ee1555405375697.jpg!deliver.product.list",
        "category_id": "58fb3b2a936edfe5568b58f7",
        "sizes": [],
        "total_sales": 6793,
        "month_sales": 0,
        "buy_limit": 0,
        "mark_discount": 0,
        "mark_new": 0,
        "mark_self": 0,
        "status": 1,
        "category_path": "58f9e593936edfe5568b575b,58fb3b2a936edfe5568b58f7",
        "type": 0,
        "stockout_reserved": false,
        "is_promotion": 0,
        "sale_point_msg": [],
        "activity": [{
          "type": 6,
          "type_name": "特价",
          "tag": "限时特惠"
        }],
        "is_presale": 0,
        "presale_delivery_date_display": "",
        "is_gift": 0,
        "is_onion": 0,
        "is_invoice": 1,
        "sub_list": [],
        "badge_img": "",
        "is_vod": false,
        "oid": 10107,
        "stock_number": 3,
        "today_stockout": "",
        "is_booking": 0
      }]
    }, {
      "id": "5900571b916edf46288b65f2",
      "name": "海产干货",
      "products": [{
        "id": "5c03da96716de1403a8b6091",
        "product_name": "艾谷虾皮 80g\/罐",
        "name": "艾谷虾皮 80g\/罐",
        "origin_price": "15.90",
        "price": "15.90",
        "vip_price": "",
        "spec": "口感松软幼嫩 提鲜必备~",
        "small_image": "http:\/\/img.ddimg.mobi\/product\/913a2835cfd621545743465228.jpg!maicai.product.list",
        "category_id": "58fb3b42936edf89778b57ed",
        "sizes": [],
        "total_sales": 9592,
        "month_sales": 0,
        "buy_limit": 0,
        "mark_discount": 0,
        "mark_new": 0,
        "mark_self": 0,
        "status": 1,
        "category_path": "58f9e593936edfe5568b575b,58fb3b42936edf89778b57ed",
        "type": 0,
        "stockout_reserved": false,
        "is_promotion": 0,
        "sale_point_msg": [
          ["", ""],
          ["", ""]
        ],
        "activity": [],
        "is_presale": 0,
        "presale_delivery_date_display": "",
        "is_gift": 0,
        "is_onion": 0,
        "is_invoice": 1,
        "sub_list": [],
        "badge_img": "",
        "is_vod": false,
        "oid": 8515,
        "stock_number": 6,
        "today_stockout": "",
        "is_booking": 0
      }, {
        "id": "58b7d672916edf0d4dc24b5c",
        "product_name": "禾煜虾皮 80g\/袋",
        "name": "禾煜虾皮 80g\/袋",
        "origin_price": "18.90",
        "price": "18.90",
        "vip_price": "",
        "spec": "做汤 拌凉菜 蒸鸡蛋 提鲜小能手",
        "small_image": "http:\/\/ddimg.ddxq.mobi\/e92935311495520547391.jpg!maicai.product.list",
        "category_id": "58fb3b42936edf89778b57ed",
        "sizes": [],
        "total_sales": 9610,
        "month_sales": 0,
        "buy_limit": 0,
        "mark_discount": 0,
        "mark_new": 0,
        "mark_self": 0,
        "status": 1,
        "category_path": "58f9e593936edfe5568b575b,58fb3b42936edf89778b57ed",
        "type": 0,
        "stockout_reserved": false,
        "is_promotion": 0,
        "sale_point_msg": [
          ["", ""],
          ["", ""]
        ],
        "activity": [],
        "is_presale": 0,
        "presale_delivery_date_display": "",
        "is_gift": 0,
        "is_onion": 0,
        "is_invoice": 1,
        "sub_list": [],
        "badge_img": "",
        "is_vod": false,
        "oid": 75,
        "stock_number": 7,
        "today_stockout": "",
        "is_booking": 0
      }, {
        "id": "58b7daf1916edfe14cc1fc62",
        "product_name": "禾煜紫菜 50g\/包",
        "name": "禾煜紫菜 50g\/包",
        "origin_price": "16.80",
        "price": "16.80",
        "vip_price": "",
        "spec": "福建特产 自带浓浓海味",
        "small_image": "http:\/\/ddimg.ddxq.mobi\/a41e1febc36541539570063806.jpg!maicai.product.list",
        "category_id": "58fb3b42936edf89778b57ed",
        "sizes": [],
        "total_sales": 9540,
        "month_sales": 0,
        "buy_limit": 0,
        "mark_discount": 0,
        "mark_new": 0,
        "mark_self": 0,
        "status": 1,
        "category_path": "58f9e593936edfe5568b575b,58fb3b42936edf89778b57ed",
        "type": 0,
        "stockout_reserved": false,
        "is_promotion": 0,
        "sale_point_msg": [
          ["", ""],
          ["", ""]
        ],
        "activity": [],
        "is_presale": 0,
        "presale_delivery_date_display": "",
        "is_gift": 0,
        "is_onion": 0,
        "is_invoice": 1,
        "sub_list": [],
        "badge_img": "",
        "is_vod": false,
        "oid": 95,
        "stock_number": 1,
        "today_stockout": "",
        "is_booking": 0
      }, {
        "id": "590821d8936edf767a8cc0bc",
        "product_name": "禾煜海带 150g\/袋",
        "name": "禾煜海带 150g\/袋",
        "origin_price": "9.80",
        "price": "9.80",
        "vip_price": "",
        "spec": "补铁补碘 健康营养",
        "small_image": "http:\/\/img.ddimg.mobi\/product\/a01192aedf6891563358355404.jpg!deliver.product.list",
        "category_id": "58fb3b42936edf89778b57ed",
        "sizes": [],
        "total_sales": 9194,
        "month_sales": 0,
        "buy_limit": 0,
        "mark_discount": 0,
        "mark_new": 0,
        "mark_self": 0,
        "status": 1,
        "category_path": "58f9e593936edfe5568b575b,58fb3b42936edf89778b57ed",
        "type": 0,
        "stockout_reserved": false,
        "is_promotion": 0,
        "sale_point_msg": [
          ["", ""],
          ["", ""]
        ],
        "activity": [],
        "is_presale": 0,
        "presale_delivery_date_display": "",
        "is_gift": 0,
        "is_onion": 0,
        "is_invoice": 1,
        "sub_list": [],
        "badge_img": "",
        "is_vod": false,
        "oid": 2137,
        "stock_number": 6,
        "today_stockout": "",
        "is_booking": 0
      }]
    }, {
      "id": "5900570a916edf47288b617b",
      "name": "干菜",
      "products": [{
        "id": "5c03da59716de1403a8b6062",
        "product_name": "艾谷腐竹 250g\/袋",
        "name": "艾谷腐竹 250g\/袋",
        "origin_price": "14.90",
        "price": "14.90",
        "vip_price": "",
        "spec": "爽口嫩滑 豆香浓郁",
        "small_image": "http:\/\/img.ddimg.mobi\/product\/a5fc04c61518e1545743186970.jpg!maicai.product.list",
        "category_id": "58fb3b36936edfc0408b5863",
        "sizes": [],
        "total_sales": 9204,
        "month_sales": 0,
        "buy_limit": 0,
        "mark_discount": 0,
        "mark_new": 0,
        "mark_self": 0,
        "status": 1,
        "category_path": "58f9e593936edfe5568b575b,58fb3b36936edfc0408b5863",
        "type": 0,
        "stockout_reserved": false,
        "is_promotion": 0,
        "sale_point_msg": [
          ["", ""],
          ["", ""]
        ],
        "activity": [],
        "is_presale": 0,
        "presale_delivery_date_display": "",
        "is_gift": 0,
        "is_onion": 0,
        "is_invoice": 1,
        "sub_list": [],
        "badge_img": "",
        "is_vod": false,
        "oid": 8514,
        "stock_number": 2,
        "today_stockout": "",
        "is_booking": 0
      }, {
        "id": "5c03d9e7716de1403a8b6004",
        "product_name": "艾谷梅干菜 300g\/袋",
        "name": "艾谷梅干菜 300g\/袋",
        "origin_price": "13.90",
        "price": "13.90",
        "vip_price": "",
        "spec": "浓郁醇香 胃口大开~（新老包装随机发）",
        "small_image": "http:\/\/img.ddimg.mobi\/product\/b2d9c4fed3be1568723486908.jpg!deliver.product.list",
        "category_id": "58fb3b36936edfc0408b5863",
        "sizes": [],
        "total_sales": 8571,
        "month_sales": 0,
        "buy_limit": 0,
        "mark_discount": 0,
        "mark_new": 0,
        "mark_self": 0,
        "status": 1,
        "category_path": "58f9e593936edfe5568b575b,58fb3b36936edfc0408b5863",
        "type": 0,
        "stockout_reserved": false,
        "is_promotion": 0,
        "sale_point_msg": [
          ["", ""],
          ["", ""]
        ],
        "activity": [],
        "is_presale": 0,
        "presale_delivery_date_display": "",
        "is_gift": 0,
        "is_onion": 0,
        "is_invoice": 1,
        "sub_list": [],
        "badge_img": "",
        "is_vod": false,
        "oid": 8512,
        "stock_number": 3,
        "today_stockout": "",
        "is_booking": 0
      }, {
        "id": "5bc5cabe716de1a94f8b725d",
        "product_name": "绿帝冬菇 100g\/袋",
        "name": "绿帝冬菇 100g\/袋",
        "origin_price": "31.90",
        "price": "24.90",
        "vip_price": "",
        "spec": "都说我矮胖矮胖 有内涵 新老包装随机发~",
        "small_image": "http:\/\/img.ddimg.mobi\/product\/89aade22e33ed1546833017948.jpg!maicai.product.list",
        "category_id": "58fb3b36936edfc0408b5863",
        "sizes": [],
        "total_sales": 8263,
        "month_sales": 0,
        "buy_limit": 0,
        "mark_discount": 0,
        "mark_new": 0,
        "mark_self": 0,
        "status": 1,
        "category_path": "58f9e593936edfe5568b575b,58fb3b36936edfc0408b5863",
        "type": 0,
        "stockout_reserved": false,
        "is_promotion": 0,
        "sale_point_msg": [
          ["", ""],
          ["", ""]
        ],
        "activity": [{
          "type": 6,
          "type_name": "特价",
          "tag": "限时特惠"
        }],
        "is_presale": 0,
        "presale_delivery_date_display": "",
        "is_gift": 0,
        "is_onion": 0,
        "is_invoice": 1,
        "sub_list": [],
        "badge_img": "",
        "is_vod": false,
        "oid": 7997,
        "stock_number": 6,
        "today_stockout": "",
        "is_booking": 0
      }, {
        "id": "5bc5cb6e716de1a94f8b72f4",
        "product_name": "绿帝紫菜汤料 78g\/袋",
        "name": "绿帝紫菜汤料 78g\/袋",
        "origin_price": "9.90",
        "price": "9.90",
        "vip_price": "",
        "spec": "排骨味的哟~",
        "small_image": "http:\/\/img.ddimg.mobi\/product\/e0e39d14f4bff1563360393179.jpg!deliver.product.list",
        "category_id": "58fb3b36936edfc0408b5863",
        "sizes": [],
        "total_sales": 9212,
        "month_sales": 0,
        "buy_limit": 0,
        "mark_discount": 0,
        "mark_new": 0,
        "mark_self": 0,
        "status": 1,
        "category_path": "58f9e593936edfe5568b575b,58fb3b36936edfc0408b5863",
        "type": 0,
        "stockout_reserved": false,
        "is_promotion": 0,
        "sale_point_msg": [
          ["", ""],
          ["", ""]
        ],
        "activity": [],
        "is_presale": 0,
        "presale_delivery_date_display": "",
        "is_gift": 0,
        "is_onion": 0,
        "is_invoice": 1,
        "sub_list": [],
        "badge_img": "",
        "is_vod": false,
        "oid": 8000,
        "stock_number": 5,
        "today_stockout": "",
        "is_booking": 0
      }, {
        "id": "58b7da49936edf43323c378e",
        "product_name": "禾煜香菇 150g\/袋",
        "name": "禾煜香菇 150g\/袋",
        "origin_price": "29.80",
        "price": "29.80",
        "vip_price": "",
        "spec": "温水泡发 口感更好",
        "small_image": "http:\/\/ddimg.ddxq.mobi\/0edde99cff3431539522183255.jpg!maicai.product.list",
        "category_id": "58fb3b36936edfc0408b5863",
        "sizes": [],
        "total_sales": 9141,
        "month_sales": 0,
        "buy_limit": 0,
        "mark_discount": 0,
        "mark_new": 0,
        "mark_self": 0,
        "status": 1,
        "category_path": "58f9e593936edfe5568b575b,58fb3b36936edfc0408b5863",
        "type": 0,
        "stockout_reserved": false,
        "is_promotion": 0,
        "sale_point_msg": [
          ["", ""],
          ["", ""]
        ],
        "activity": [],
        "is_presale": 0,
        "presale_delivery_date_display": "",
        "is_gift": 0,
        "is_onion": 0,
        "is_invoice": 1,
        "sub_list": [],
        "badge_img": "",
        "is_vod": false,
        "oid": 85,
        "stock_number": 6,
        "today_stockout": "",
        "is_booking": 0
      }, {
        "id": "5bc0df07716de1a94f8b4dbc",
        "product_name": "禾煜东北黑木耳 80g\/袋",
        "name": "禾煜东北黑木耳 80g\/袋",
        "origin_price": "14.80",
        "price": "14.80",
        "vip_price": "12.90",
        "spec": "口感爽滑 易泡发",
        "small_image": "http:\/\/img.ddimg.mobi\/product\/9f8a33ed8fdb51563358244938.jpg!deliver.product.list",
        "category_id": "58fb3b36936edfc0408b5863",
        "sizes": [],
        "total_sales": 10134,
        "month_sales": 0,
        "buy_limit": 0,
        "mark_discount": 0,
        "mark_new": 0,
        "mark_self": 0,
        "status": 1,
        "category_path": "58f9e593936edfe5568b575b,58fb3b36936edfc0408b5863",
        "type": 0,
        "stockout_reserved": false,
        "is_promotion": 0,
        "sale_point_msg": [
          ["", ""],
          ["", ""]
        ],
        "activity": [],
        "is_presale": 0,
        "presale_delivery_date_display": "",
        "is_gift": 0,
        "is_onion": 0,
        "is_invoice": 1,
        "sub_list": [],
        "badge_img": "",
        "is_vod": false,
        "oid": 7942,
        "stock_number": 10,
        "today_stockout": "",
        "is_booking": 0
      }, {
        "id": "5b7e5437c0a1ea1a0c8b7411",
        "product_name": "海潮寿司海苔(十枚） 28g\/袋",
        "name": "海潮寿司海苔(十枚） 28g\/袋",
        "origin_price": "16.80",
        "price": "12.90",
        "vip_price": "",
        "spec": "海苔包饭~",
        "small_image": "http:\/\/img.ddimg.mobi\/product\/b8f80020c377a1548407962392.jpg!deliver.product.list",
        "category_id": "58fb3b36936edfc0408b5863",
        "sizes": [],
        "total_sales": 8387,
        "month_sales": 0,
        "buy_limit": 0,
        "mark_discount": 0,
        "mark_new": 0,
        "mark_self": 0,
        "status": 1,
        "category_path": "58f9e593936edfe5568b575b,58fb3b36936edfc0408b5863",
        "type": 0,
        "stockout_reserved": false,
        "is_promotion": 0,
        "sale_point_msg": [
          ["", ""],
          ["", ""]
        ],
        "activity": [{
          "type": 6,
          "type_name": "特价",
          "tag": "限时特惠"
        }],
        "is_presale": 0,
        "presale_delivery_date_display": "",
        "is_gift": 0,
        "is_onion": 0,
        "is_invoice": 1,
        "sub_list": [],
        "badge_img": "",
        "is_vod": false,
        "oid": 7352,
        "stock_number": 3,
        "today_stockout": "",
        "is_booking": 0
      }, {
        "id": "59cb829d6ec2c4b6268b458e",
        "product_name": "禾煜和生万物整朵银耳 50g\/袋",
        "name": "禾煜和生万物整朵银耳 50g\/袋",
        "origin_price": "12.90",
        "price": "12.90",
        "vip_price": "10.90",
        "spec": "朵大肉厚 无杂质 细腻爽滑",
        "small_image": "http:\/\/img.ddimg.mobi\/product\/ca4039de17751543921329753.jpg!maicai.product.list",
        "category_id": "58fb3b36936edfc0408b5863",
        "sizes": [],
        "total_sales": 9734,
        "month_sales": 0,
        "buy_limit": 0,
        "mark_discount": 0,
        "mark_new": 0,
        "mark_self": 0,
        "status": 1,
        "category_path": "58f9e593936edfe5568b575b,58fb3b36936edfc0408b5863",
        "type": 0,
        "stockout_reserved": false,
        "is_promotion": 0,
        "sale_point_msg": [
          ["朵大体轻无杂质", "朵形密实胶质饱满"],
          ["爱自己爱家人", "熬一碗银耳雪梨羹~"]
        ],
        "activity": [],
        "is_presale": 0,
        "presale_delivery_date_display": "",
        "is_gift": 0,
        "is_onion": 0,
        "is_invoice": 1,
        "sub_list": [],
        "badge_img": "",
        "is_vod": false,
        "oid": 3868,
        "stock_number": 10,
        "today_stockout": "",
        "is_booking": 0
      }, {
        "id": "59cb82066ec2c4b6268b456e",
        "product_name": "禾煜和生万物黄花菜 50g\/袋",
        "name": "禾煜和生万物黄花菜 50g\/袋",
        "origin_price": "11.90",
        "price": "11.90",
        "vip_price": "",
        "spec": "完整芯 干净无熏硫 味鲜质嫩",
        "small_image": "http:\/\/ddimg.ddxq.mobi\/2fc989a51506513288677.jpg!maicai.product.list",
        "category_id": "58fb3b36936edfc0408b5863",
        "sizes": [],
        "total_sales": 8916,
        "month_sales": 0,
        "buy_limit": 0,
        "mark_discount": 0,
        "mark_new": 0,
        "mark_self": 0,
        "status": 1,
        "category_path": "58f9e593936edfe5568b575b,58fb3b36936edfc0408b5863",
        "type": 0,
        "stockout_reserved": false,
        "is_promotion": 0,
        "sale_point_msg": [
          ["", ""],
          ["", ""]
        ],
        "activity": [],
        "is_presale": 0,
        "presale_delivery_date_display": "",
        "is_gift": 0,
        "is_onion": 0,
        "is_invoice": 1,
        "sub_list": [],
        "badge_img": "",
        "is_vod": false,
        "oid": 3864,
        "stock_number": 3,
        "today_stockout": "",
        "is_booking": 0
      }, {
        "id": "5b0bc720c0a1ea247b8b4a80",
        "product_name": "紫竹寺晋江紫菜 38g\/袋",
        "name": "紫竹寺晋江紫菜 38g\/袋",
        "origin_price": "8.50",
        "price": "8.50",
        "vip_price": "",
        "spec": "产自紫菜之乡 新老包装随机发",
        "small_image": "http:\/\/img.ddimg.mobi\/product\/7fc2a66ffe74f1543201258004.jpg!maicai.product.list",
        "category_id": "58fb3b36936edfc0408b5863",
        "sizes": [],
        "total_sales": 9323,
        "month_sales": 0,
        "buy_limit": 0,
        "mark_discount": 0,
        "mark_new": 0,
        "mark_self": 0,
        "status": 1,
        "category_path": "58f9e593936edfe5568b575b,58fb3b36936edfc0408b5863",
        "type": 0,
        "stockout_reserved": false,
        "is_promotion": 0,
        "sale_point_msg": [
          ["产自紫菜之乡 细腻清香味美", ""],
          ["", ""]
        ],
        "activity": [],
        "is_presale": 0,
        "presale_delivery_date_display": "",
        "is_gift": 0,
        "is_onion": 0,
        "is_invoice": 1,
        "sub_list": [],
        "badge_img": "",
        "is_vod": false,
        "oid": 6280,
        "stock_number": 6,
        "today_stockout": "",
        "is_booking": 0
      }, {
        "id": "5d418f8e10abf132a5774a36",
        "product_name": "阿一波海峡紫菜 100g\/袋",
        "name": "阿一波海峡紫菜 100g\/袋",
        "origin_price": "19.90",
        "price": "19.90",
        "vip_price": "",
        "spec": "香醇浓郁回味悠长~",
        "small_image": "http:\/\/img.ddimg.mobi\/product\/befee709c09d41564577789552.jpg!deliver.product.list",
        "category_id": "58fb3b36936edfc0408b5863",
        "sizes": [],
        "total_sales": 6844,
        "month_sales": 0,
        "buy_limit": 0,
        "mark_discount": 0,
        "mark_new": 0,
        "mark_self": 0,
        "status": 1,
        "category_path": "58f9e593936edfe5568b575b,58fb3b36936edfc0408b5863",
        "type": 0,
        "stockout_reserved": false,
        "is_promotion": 0,
        "sale_point_msg": [],
        "activity": [],
        "is_presale": 0,
        "presale_delivery_date_display": "",
        "is_gift": 0,
        "is_onion": 0,
        "is_invoice": 1,
        "sub_list": [],
        "badge_img": "",
        "is_vod": false,
        "oid": 12526,
        "stock_number": 3,
        "today_stockout": "",
        "is_booking": 0
      }]
    }, {
      "id": "stock_no",
      "name": "缺货商品",
      "products": [{
        "id": "5be1d62f716de100468c0b4e",
        "product_name": "食味的初相天然精选桃胶 100g\/盒",
        "name": "食味的初相天然精选桃胶 100g\/盒",
        "origin_price": "19.90",
        "price": "19.90",
        "vip_price": "",
        "spec": "好吃营养 用于粥羹 新老包装随机发货",
        "small_image": "http:\/\/img.ddimg.mobi\/product\/e6a56ff826d971560753649485.jpg!deliver.product.list",
        "category_id": "58fb3b2a936edfe5568b58f7",
        "sizes": [],
        "total_sales": 8094,
        "month_sales": 0,
        "buy_limit": 0,
        "mark_discount": 0,
        "mark_new": 0,
        "mark_self": 0,
        "status": 1,
        "category_path": "58f9e593936edfe5568b575b,58fb3b2a936edfe5568b58f7",
        "type": 0,
        "stockout_reserved": false,
        "is_promotion": 0,
        "sale_point_msg": [
          ["", ""],
          ["", ""]
        ],
        "activity": [],
        "is_presale": 0,
        "presale_delivery_date_display": "",
        "is_gift": 0,
        "is_onion": 0,
        "is_invoice": 1,
        "sub_list": [],
        "badge_img": "",
        "is_vod": false,
        "oid": 8240,
        "stock_number": 0,
        "today_stockout": "",
        "is_booking": 0
      }]
    }],
    "ad_info": {},
    "cache_life_time": 0
  },
  "server_time": 1569232200
}